trip_id,date,time_of_day,route_number,bus_id,driver_id,number_of_passengers,trip_duration_minutes,distance_covered_km,fuel_consumption_liters,traffic_condition,weather,delay_minutes
1,16/12/2023,10:23,47,Bus_D321,D002,40,39,4.62,26.43,Heavy,Foggy,36
2,22/11/2024,17:16,95,Bus_G654,D004,7,62,10.72,11.84,Heavy,Foggy,36
3,01/10/2024,13:24,57,Bus_I987,D006,2,96,37.79,8.07,Heavy,Snowy,22
4,03/10/2023,10:07,83,Bus_F987,D008,64,85,33.41,16.22,Moderate,Clear,19
5,07/07/2024,5:59,65,Bus_G654,D008,70,72,15.36,8.98,Low,Clear,34
6,15/12/2024,14:06,56,Bus_J654,D001,28,57,43.92,19.24,Heavy,Rainy,37
7,15/04/2024,6:09,29,Bus_F987,D003,65,45,49.95,,Moderate,Clear,58
8,14/06/2023,11:17,67,Bus_F987,D009,76,68,22.75,8.33,Heavy,Rainy,41
9,04/12/2024,11:41,38,Bus_H321,D010,67,90,5.89,9.86,Low,Clear,12
10,05/03/2024,18:18,88,Bus_C789,D009,34,43,5.78,5.67,Low,Clear,22
11,20/09/2024,8:42,25,Bus_D321,D002,14,119,43.18,29.74,Low,Clear,
12,07/03/2023,7:36,92,Bus_I987,D002,21,,23.72,17.29,Moderate,Rainy,38
13,28/04/2023,6:28,39,Bus_A123,D003,24,58,10.54,18.66,Low,Clear,49
14,27/04/2023,10:20,68,Bus_I987,D002,34,44,38.39,25.27,Moderate,Clear,
15,01/05/2023,10:20,64,Bus_F987,D008,51,47,49.27,7.74,Low,Clear,
16,04/03/2024,13:53,53,Bus_A123,D006,61,63,38.75,21.83,Low,Clear,59
17,19/01/2024,14:54,41,Bus_F987,D007,48,71,14.11,17.24,,Rainy,5
18,18/10/2023,22:41,24,Bus_D321,D009,39,83,19.68,23.08,Heavy,Foggy,
19,28/02/2023,15:13,31,Bus_F987,D008,27,54,46.52,5.8,Low,Clear,32
20,28/04/2024,18:53,52,Bus_J654,D001,1,93,38.63,16.48,Heavy,Foggy,54
21,23/08/2024,9:15,19,Bus_F987,D007,11,79,8.36,11.75,Moderate,Clear,51
22,30/07/2024,14:32,40,Bus_J654,D010,43,31,7.11,16.4,Low,Clear,14
23,06/02/2024,6:15,59,Bus_F987,D002,36,112,7.32,23.51,Low,Clear,27
24,01/07/2023,5:07,67,Bus_C789,D007,10,31,38.71,8.01,Moderate,Clear,
25,21/01/2023,16:59,37,Bus_J654,D006,30,104,41.05,29.11,Moderate,Rainy,3
26,09/05/2023,18:48,56,Bus_F987,D006,27,31,43.91,18.28,Moderate,Clear,37
27,07/08/2023,11:56,55,Bus_C789,D009,48,22,16.07,23.45,Low,Clear,
28,20/02/2023,20:43,12,Bus_H321,D001,45,111,12.53,15.17,Heavy,Snowy,12
29,29/06/2023,6:39,3,Bus_A123,D006,50,45,23.0,9.06,Moderate,Rainy,29
30,28/11/2023,7:17,92,Bus_C789,D004,47,115,20.91,15.65,Low,Clear,7
31,24/10/2023,8:47,68,Bus_B456,D001,21,50,12.75,20.35,Low,Clear,34
32,26/08/2024,20:02,93,Bus_G654,D004,39,112,38.73,25.26,Heavy,Foggy,
33,01/01/2024,12:03,45,Bus_B456,D009,53,66,3.95,8.42,Low,Clear,39
34,03/04/2024,7:52,79,Bus_D321,D006,55,91,11.64,16.74,Moderate,Clear,47
35,17/07/2024,17:01,29,Bus_F987,D008,76,,3.51,9.2,Moderate,Clear,43
36,31/01/2023,17:06,16,Bus_I987,D006,20,37,16.13,27.02,Heavy,Snowy,54
37,12/04/2023,14:13,26,Bus_J654,D006,10,29,28.64,29.64,Heavy,Foggy,37
38,26/03/2024,6:57,51,Bus_G654,D001,32,61,42.09,,Heavy,Foggy,59
39,13/05/2024,8:36,33,Bus_C789,D010,80,55,45.3,9.16,Heavy,Rainy,50
40,18/05/2023,21:54,62,Bus_B456,D010,25,67,48.85,14.33,Heavy,Foggy,38
41,10/11/2024,12:29,72,Bus_H321,D006,56,82,28.75,,Low,Clear,35
42,28/11/2024,21:29,37,Bus_D321,D004,38,29,2.32,18.36,Heavy,Foggy,7
43,16/06/2023,17:20,12,Bus_G654,D008,19,62,20.98,11.29,Moderate,Clear,14
44,03/01/2024,19:23,70,Bus_E654,D007,73,99,48.13,24.1,Heavy,Rainy,42
45,24/03/2024,18:06,20,Bus_G654,D009,66,108,1.61,23.58,Moderate,Clear,22
46,08/04/2024,9:20,59,Bus_H321,D003,1,20,31.04,10.99,Heavy,Snowy,
47,09/05/2023,15:17,36,Bus_J654,D010,13,28,48.4,10.53,Low,Clear,4
48,13/05/2023,17:58,77,Bus_A123,D008,73,50,17.31,,Heavy,Rainy,18
49,01/10/2023,13:24,45,Bus_I987,D002,58,46,6.55,20.45,Low,Clear,53
50,08/10/2024,7:00,50,Bus_H321,D005,47,71,6.53,16.53,Heavy,Rainy,56
51,02/02/2024,7:37,22,Bus_H321,D009,59,114,46.94,24.34,Heavy,Foggy,14
52,13/09/2024,14:49,45,Bus_C789,D006,17,24,46.34,21.44,Low,Clear,43
53,31/12/2022,15:34,94,Bus_I987,D005,42,101,29.38,6.87,Heavy,Foggy,21
54,15/11/2023,15:08,64,Bus_C789,D003,42,101,43.9,,Low,Clear,
55,10/08/2024,17:41,34,Bus_A123,D010,20,50,1.82,8.94,Low,Clear,51
56,21/02/2024,19:30,3,Bus_G654,D004,61,107,39.62,12.41,,Clear,23
57,28/11/2024,13:10,28,Bus_F987,D008,40,89,23.43,12.79,Moderate,Rainy,16
58,10/10/2023,14:53,95,Bus_I987,D001,36,82,15.33,6.31,Low,Clear,56
59,17/01/2023,9:35,38,Bus_J654,D010,69,48,29.1,5.0,Moderate,Clear,6
60,28/08/2024,17:24,77,Bus_F987,D009,3,71,45.64,23.16,Moderate,Rainy,
61,10/09/2023,5:24,32,Bus_G654,D004,9,37,7.13,16.6,,Snowy,37
62,29/06/2024,6:19,17,Bus_C789,D007,47,85,23.53,7.15,Heavy,Snowy,
63,20/09/2023,14:27,98,Bus_H321,D004,75,83,21.65,19.33,Moderate,Rainy,50
64,03/02/2023,14:28,77,Bus_J654,D001,49,112,6.58,22.21,,Foggy,21
65,20/09/2023,17:03,71,Bus_F987,D002,21,64,7.29,21.59,Moderate,Clear,33
66,27/07/2024,6:52,44,Bus_A123,D005,6,95,43.03,5.99,Low,Clear,38
67,09/07/2024,16:52,18,Bus_A123,D009,69,57,48.44,,Heavy,Snowy,
68,25/11/2024,9:22,67,Bus_I987,D003,12,112,8.25,9.72,,Rainy,23
69,09/11/2024,8:16,22,Bus_B456,D002,70,41,42.09,29.0,Heavy,Snowy,
70,29/09/2023,6:48,60,Bus_I987,D008,58,95,36.81,10.66,Moderate,Rainy,49
71,03/05/2024,10:50,27,Bus_A123,D008,12,67,12.12,23.92,,Clear,58
72,02/11/2023,22:52,75,Bus_E654,D004,25,67,45.53,6.05,Low,Clear,
73,03/01/2024,22:09,54,Bus_B456,D003,75,,42.15,11.88,Heavy,Rainy,51
74,09/05/2023,14:03,7,Bus_C789,D010,11,96,36.12,12.49,Moderate,Rainy,55
75,17/04/2024,14:03,3,Bus_I987,D004,72,65,18.13,14.56,Heavy,Snowy,55
76,26/07/2023,15:28,78,Bus_D321,D006,2,120,48.77,29.01,Moderate,Clear,53
77,26/02/2024,19:49,13,Bus_G654,D003,74,109,42.42,27.22,,Foggy,26
78,01/03/2024,13:52,95,Bus_B456,D002,55,21,27.19,8.04,Low,Clear,49
79,23/02/2024,19:29,42,Bus_C789,D009,4,55,12.08,26.8,Heavy,Snowy,41
80,28/02/2023,9:57,77,Bus_G654,D001,8,28,47.26,7.36,,Snowy,
81,05/09/2023,6:31,61,Bus_G654,D007,1,72,1.92,16.92,Moderate,Rainy,
82,25/09/2023,16:02,50,Bus_G654,D001,43,60,21.46,18.18,Low,Clear,16
83,17/11/2024,9:57,9,Bus_A123,D010,35,63,45.48,,Moderate,Clear,23
84,25/02/2023,12:16,64,Bus_J654,D006,21,45,1.35,8.73,,Snowy,23
85,09/04/2024,17:23,84,Bus_F987,D008,20,118,47.06,27.7,,Rainy,49
86,06/08/2024,13:39,71,Bus_E654,D007,6,68,43.23,20.28,Moderate,Clear,8
87,09/03/2024,22:25,3,Bus_B456,D008,6,,46.72,28.58,Low,Clear,
88,11/09/2024,5:31,35,Bus_I987,D010,66,91,46.44,27.36,Low,Clear,11
89,27/03/2024,21:39,98,Bus_D321,D006,34,95,48.21,19.23,Heavy,Rainy,
90,10/05/2023,13:05,55,Bus_B456,D003,3,79,2.17,23.65,Low,Clear,7
91,08/08/2023,13:05,3,Bus_C789,D003,16,116,32.28,25.08,Moderate,Clear,46
92,11/12/2023,12:28,99,Bus_E654,D003,49,87,44.59,18.45,Low,Clear,57
93,20/12/2023,20:43,52,Bus_C789,D007,62,58,14.57,27.17,Low,Clear,34
94,11/10/2023,13:01,10,Bus_C789,D010,69,35,30.69,26.72,Moderate,Clear,54
95,25/03/2024,6:24,45,Bus_F987,D001,15,79,21.77,28.66,Moderate,Rainy,54
96,16/10/2023,16:52,98,Bus_D321,D008,46,79,39.55,8.99,Low,Clear,60
97,25/05/2024,17:30,35,Bus_I987,D006,49,72,6.13,12.34,,Foggy,58
98,01/09/2024,5:54,28,Bus_D321,D001,25,114,12.17,11.39,Heavy,Foggy,
99,14/10/2023,22:03,98,Bus_B456,D006,73,119,5.16,15.94,Low,Clear,
100,06/02/2024,9:38,80,Bus_J654,D001,14,64,36.24,18.95,Moderate,Rainy,46
101,29/05/2024,11:19,78,Bus_G654,D001,53,42,25.69,9.54,Heavy,Rainy,57
102,08/10/2024,5:39,93,Bus_I987,D009,5,49,31.11,,,Foggy,
103,21/10/2024,17:40,87,Bus_E654,D002,74,94,46.13,26.4,Low,Clear,45
104,22/03/2023,9:41,32,Bus_D321,D001,62,110,9.26,14.32,Low,Clear,
105,26/09/2023,8:56,80,Bus_A123,D010,69,44,16.91,21.03,,Clear,10
106,27/04/2024,21:14,66,Bus_F987,D007,70,59,22.6,5.6,Low,Clear,9
107,01/01/2023,22:33,6,Bus_A123,D003,39,,28.17,8.17,,Clear,53
108,04/07/2024,20:10,44,Bus_A123,D001,1,52,42.32,15.11,Moderate,Clear,38
109,30/03/2023,20:11,25,Bus_E654,D002,7,106,19.76,12.78,Low,Clear,
110,24/05/2024,22:05,33,Bus_J654,D006,9,27,44.62,28.9,Heavy,Snowy,
111,21/12/2023,18:26,4,Bus_A123,D009,52,39,35.38,22.03,Moderate,Rainy,49
112,20/12/2023,19:52,34,Bus_D321,D003,52,33,37.8,18.17,Heavy,Foggy,
113,17/05/2024,21:29,53,Bus_B456,D006,9,80,13.99,13.54,Low,Clear,15
114,06/05/2023,16:34,65,Bus_E654,D004,2,105,22.75,20.84,Heavy,Foggy,20
115,29/11/2023,20:53,100,Bus_H321,D007,35,,25.41,9.92,Moderate,Clear,41
116,20/09/2023,10:29,94,Bus_B456,D001,27,20,7.88,14.06,Low,Clear,37
117,05/09/2023,9:40,51,Bus_J654,D006,71,61,30.06,,Low,Clear,50
118,19/02/2023,14:49,36,Bus_D321,D001,50,88,33.49,7.16,Low,Clear,54
119,10/05/2023,5:46,8,Bus_J654,D004,75,98,28.03,8.99,,Clear,33
120,03/09/2023,6:06,57,Bus_H321,D002,35,21,17.45,20.06,,Foggy,8
121,13/07/2023,20:52,27,Bus_A123,D008,40,25,31.37,6.3,,Rainy,29
122,31/07/2024,10:42,47,Bus_F987,D006,26,54,36.8,14.39,Heavy,Foggy,4
123,29/01/2023,15:45,48,Bus_I987,D009,18,86,47.98,8.41,Low,Clear,2
124,13/11/2024,6:36,67,Bus_D321,D005,28,69,32.44,22.67,Low,Clear,
125,12/12/2024,7:56,75,Bus_J654,D005,44,,32.33,9.35,Low,Clear,6
126,10/11/2023,8:33,41,Bus_F987,D004,24,65,38.87,15.14,,Foggy,41
127,12/02/2024,16:29,5,Bus_A123,D006,64,27,40.85,5.67,Low,Clear,53
128,01/04/2023,17:00,69,Bus_A123,D010,15,116,18.96,,Low,Clear,45
129,12/09/2024,17:07,66,Bus_C789,D003,24,70,48.47,6.17,Heavy,Snowy,38
130,20/06/2023,9:15,99,Bus_D321,D004,17,71,10.79,7.4,,Clear,16
131,12/01/2023,16:49,13,Bus_D321,D009,3,43,35.21,8.3,Moderate,Clear,28
132,20/09/2023,15:45,51,Bus_H321,D001,61,113,49.08,24.37,Low,Clear,
133,03/12/2023,8:10,53,Bus_G654,D004,8,66,28.67,15.8,Moderate,Clear,0
134,18/05/2024,20:39,37,Bus_G654,D005,77,99,35.6,24.21,Low,Clear,0
135,24/10/2023,5:30,28,Bus_E654,D008,3,110,40.62,7.3,Heavy,Rainy,3
136,28/09/2024,6:45,3,Bus_A123,D002,76,91,21.35,22.24,Heavy,Rainy,60
137,10/04/2023,18:13,5,Bus_H321,D002,71,75,42.45,21.7,Heavy,Foggy,24
138,08/08/2023,20:56,35,Bus_C789,D010,32,33,38.99,28.84,Moderate,Rainy,53
139,26/07/2024,16:18,29,Bus_D321,D003,18,45,21.11,23.44,Low,Clear,7
140,28/04/2024,12:56,69,Bus_A123,D005,35,115,4.77,28.07,,Rainy,54
141,29/03/2024,16:18,94,Bus_E654,D005,55,69,9.41,16.68,Heavy,Snowy,19
142,09/12/2023,14:40,55,Bus_F987,D010,11,108,25.75,21.32,Heavy,Snowy,42
143,29/11/2023,5:55,84,Bus_D321,D010,37,95,18.18,14.17,Moderate,Rainy,42
144,13/02/2024,21:58,67,Bus_E654,D003,48,32,39.37,12.78,Heavy,Rainy,35
145,21/09/2024,11:44,27,Bus_G654,D003,76,80,22.07,5.8,Heavy,Foggy,
146,09/11/2024,5:42,93,Bus_I987,D006,24,,34.57,24.67,Heavy,Foggy,18
147,23/07/2024,8:40,20,Bus_B456,D008,70,27,6.54,10.38,Low,Clear,59
148,17/06/2024,21:42,32,Bus_I987,D009,0,58,40.44,9.67,Moderate,Rainy,
149,31/03/2024,12:21,4,Bus_B456,D001,66,35,31.45,5.2,,Clear,8
150,12/10/2023,22:43,66,Bus_G654,D008,70,77,33.65,23.95,Low,Clear,
151,02/03/2024,8:16,62,Bus_C789,D010,34,82,21.58,28.95,Heavy,Snowy,31
152,17/08/2023,17:12,91,Bus_I987,D009,71,97,22.47,18.62,Low,Clear,32
153,14/03/2023,12:28,57,Bus_B456,D010,8,120,42.58,9.42,Low,Clear,56
154,11/04/2023,21:18,84,Bus_I987,D005,75,116,16.08,9.14,Heavy,Snowy,51
155,26/08/2024,17:30,95,Bus_J654,D006,24,113,23.36,24.91,Heavy,Foggy,22
156,10/05/2023,11:49,13,Bus_A123,D004,15,37,39.77,22.85,Low,Clear,54
157,18/12/2023,21:42,80,Bus_D321,D005,68,42,44.8,26.87,Heavy,Rainy,
158,28/08/2024,11:27,64,Bus_F987,D003,32,44,1.62,12.65,Heavy,Snowy,59
159,10/01/2023,16:48,92,Bus_H321,D002,26,53,18.67,16.59,Moderate,Clear,
160,16/01/2024,10:02,46,Bus_J654,D003,20,35,2.66,27.32,,Snowy,25
161,19/12/2024,19:01,81,Bus_D321,D003,40,45,46.5,11.5,Heavy,Foggy,44
162,08/07/2023,8:24,6,Bus_F987,D001,51,55,5.66,7.16,Moderate,Rainy,47
163,28/05/2024,7:02,89,Bus_D321,D010,51,21,43.1,15.44,Moderate,Rainy,42
164,30/11/2024,20:54,22,Bus_B456,D001,63,53,9.82,27.48,Moderate,Rainy,37
165,11/02/2024,12:00,30,Bus_F987,D004,48,42,21.22,8.99,Moderate,Clear,10
166,22/12/2023,8:17,93,Bus_D321,D004,60,43,6.58,21.73,Low,Clear,
167,13/02/2024,15:01,88,Bus_J654,D006,49,,22.69,12.41,Heavy,Foggy,28
168,31/01/2023,9:12,96,Bus_J654,D005,25,73,46.82,25.74,Low,Clear,50
169,30/08/2024,19:54,18,Bus_C789,D008,68,43,16.8,21.76,Low,Clear,47
170,12/12/2023,12:18,55,Bus_H321,D009,37,78,42.46,11.3,,Rainy,7
171,14/08/2024,9:08,5,Bus_A123,D008,11,114,44.82,14.53,Low,Clear,30
172,03/03/2023,5:53,66,Bus_C789,D004,22,115,48.73,,Heavy,Snowy,9
173,29/09/2024,13:24,91,Bus_G654,D001,47,114,8.12,20.34,Moderate,Clear,1
174,16/11/2024,11:33,7,Bus_E654,D008,53,53,36.96,6.54,Low,Clear,19
175,26/10/2024,22:51,71,Bus_E654,D004,46,44,5.31,19.15,Low,Clear,6
176,19/05/2024,13:45,100,Bus_G654,D008,9,106,13.09,19.63,Heavy,Foggy,32
177,06/08/2024,21:32,32,Bus_D321,D003,36,114,29.31,6.73,Moderate,Clear,33
178,30/11/2023,6:09,2,Bus_C789,D003,30,51,3.44,26.37,Low,Clear,0
179,02/02/2024,22:31,37,Bus_D321,D005,58,36,48.92,6.46,Low,Clear,27
180,18/07/2024,18:57,39,Bus_B456,D002,66,28,28.88,6.93,Heavy,Rainy,19
181,18/09/2024,16:22,82,Bus_E654,D007,4,51,20.3,17.6,Heavy,Foggy,16
182,08/05/2023,7:36,70,Bus_E654,D002,18,120,35.78,26.67,Heavy,Rainy,45
183,14/12/2024,6:46,42,Bus_G654,D006,67,51,22.52,16.15,Heavy,Foggy,
184,06/03/2024,11:24,35,Bus_G654,D007,21,74,49.49,8.64,Low,Clear,43
185,06/10/2023,13:42,11,Bus_F987,D004,26,66,9.88,16.57,Low,Clear,8
186,31/12/2023,15:32,57,Bus_D321,D006,19,98,48.62,21.15,Low,Clear,21
187,07/04/2023,18:20,11,Bus_B456,D008,29,59,34.64,29.01,Low,Clear,49
188,08/12/2023,18:37,38,Bus_B456,D005,51,98,4.49,15.59,Heavy,Foggy,4
189,07/11/2024,11:39,94,Bus_C789,D001,26,111,11.62,8.66,Heavy,Rainy,54
190,24/10/2024,17:33,7,Bus_J654,D009,27,66,6.81,22.0,Moderate,Rainy,52
191,12/09/2023,14:21,3,Bus_D321,D001,78,38,36.55,6.6,Moderate,Rainy,23
192,05/06/2023,12:25,83,Bus_C789,D006,24,96,7.38,19.68,Heavy,Snowy,42
193,30/05/2024,6:36,86,Bus_D321,D010,16,,26.56,27.91,Heavy,Rainy,27
194,10/11/2024,22:11,22,Bus_B456,D001,46,27,9.86,26.9,Moderate,Rainy,32
195,26/10/2024,14:17,43,Bus_D321,D008,15,71,10.57,24.01,Heavy,Snowy,26
196,25/04/2023,20:48,7,Bus_D321,D008,72,35,22.18,9.66,Low,Clear,40
197,03/01/2024,7:41,54,Bus_B456,D005,7,94,10.41,23.2,Low,Clear,
198,17/08/2024,12:41,68,Bus_E654,D007,43,40,27.43,10.03,Moderate,Rainy,5
199,03/09/2024,9:32,25,Bus_E654,D009,33,41,29.76,9.63,,Foggy,43
200,29/12/2023,10:25,34,Bus_D321,D001,79,113,38.55,22.67,Low,Clear,5
201,23/07/2024,14:42,35,Bus_I987,D001,72,,43.25,7.64,Moderate,Rainy,34
202,20/02/2023,11:37,18,Bus_E654,D005,29,105,22.12,11.42,Heavy,Rainy,24
203,22/08/2023,8:55,52,Bus_H321,D010,57,79,49.4,26.6,,Foggy,57
204,20/06/2023,7:48,3,Bus_D321,D006,51,35,43.44,16.82,Moderate,Clear,46
205,07/10/2023,17:34,77,Bus_B456,D005,23,100,2.25,7.29,Low,Clear,32
206,20/11/2024,6:17,25,Bus_I987,D006,76,51,44.37,26.04,Moderate,Clear,8
207,21/07/2024,14:39,44,Bus_C789,D006,41,88,22.91,17.24,Heavy,Snowy,33
208,25/11/2024,13:11,34,Bus_I987,D005,66,60,3.95,14.78,Low,Clear,6
209,31/01/2024,18:36,11,Bus_A123,D004,11,63,12.53,16.66,Low,Clear,29
210,27/03/2024,17:22,42,Bus_D321,D010,43,112,13.55,19.29,Heavy,Snowy,10
211,21/06/2023,7:59,38,Bus_F987,D005,75,23,37.61,25.65,Moderate,Clear,5
212,28/01/2023,6:36,70,Bus_B456,D001,43,62,29.99,20.33,Moderate,Clear,36
213,02/09/2023,10:10,19,Bus_G654,D002,65,59,29.77,,Low,Clear,1
214,26/12/2024,11:58,35,Bus_D321,D008,50,57,29.24,22.7,,Snowy,
215,04/11/2023,21:57,22,Bus_E654,D006,34,21,38.13,,Moderate,Rainy,48
216,21/12/2024,6:12,13,Bus_C789,D008,66,66,35.98,11.72,Moderate,Rainy,52
217,11/09/2024,20:27,15,Bus_G654,D001,47,25,27.38,22.52,Moderate,Clear,38
218,02/08/2023,19:22,67,Bus_A123,D007,76,100,23.17,20.89,Low,Clear,38
219,01/09/2024,16:27,35,Bus_C789,D001,60,111,7.17,,,Rainy,36
220,26/04/2023,15:29,72,Bus_C789,D005,14,59,37.0,9.48,Moderate,Rainy,12
221,18/10/2023,5:52,98,Bus_E654,D006,4,47,33.1,6.56,Low,Clear,4
222,14/04/2024,18:58,90,Bus_G654,D003,22,86,23.91,6.81,,Snowy,31
223,09/07/2024,16:16,65,Bus_F987,D010,38,98,29.72,29.06,Moderate,Clear,10
224,16/06/2023,22:38,73,Bus_E654,D001,5,106,29.4,18.55,Heavy,Rainy,10
225,23/05/2024,22:40,87,Bus_B456,D004,6,67,47.34,15.42,Moderate,Clear,5
226,05/10/2023,16:46,19,Bus_E654,D004,17,54,1.14,5.44,,Rainy,35
227,23/03/2023,11:18,43,Bus_A123,D007,8,100,2.17,16.97,Heavy,Foggy,25
228,10/10/2024,18:18,6,Bus_B456,D008,2,113,42.62,22.35,Moderate,Rainy,
229,27/06/2023,21:05,82,Bus_J654,D001,56,21,14.85,15.66,,Snowy,29
230,07/07/2023,16:32,43,Bus_G654,D001,66,116,11.14,7.97,Low,Clear,19
231,09/07/2023,14:31,37,Bus_D321,D007,62,117,24.48,29.99,Low,Clear,5
232,18/08/2024,20:36,36,Bus_G654,D005,12,55,43.17,8.48,Moderate,Clear,35
233,17/01/2023,21:28,43,Bus_G654,D002,47,55,34.77,13.57,Heavy,Foggy,14
234,25/04/2024,13:08,41,Bus_C789,D003,10,96,42.48,27.89,Moderate,Clear,
235,30/12/2023,7:06,87,Bus_I987,D005,1,36,18.81,20.29,Low,Clear,7
236,05/03/2024,20:12,57,Bus_J654,D003,76,43,23.1,13.46,Moderate,Clear,54
237,19/12/2023,12:58,7,Bus_C789,D005,1,33,35.45,11.55,Moderate,Clear,
238,28/07/2023,15:02,51,Bus_I987,D006,1,110,6.07,19.31,Low,Clear,40
239,30/09/2024,5:22,39,Bus_E654,D003,38,97,45.34,23.23,Heavy,Snowy,
240,31/08/2023,15:37,12,Bus_C789,D001,12,25,8.31,29.35,Heavy,Rainy,
241,16/05/2023,18:12,48,Bus_I987,D001,80,111,25.41,11.86,Heavy,Foggy,10
242,03/11/2023,11:40,52,Bus_G654,D009,1,60,10.68,15.03,Moderate,Rainy,
243,11/11/2023,20:30,71,Bus_G654,D004,31,78,6.29,8.81,Heavy,Foggy,12
244,27/09/2023,17:34,88,Bus_J654,D001,15,54,40.92,28.39,Low,Clear,58
245,13/10/2023,21:47,12,Bus_A123,D007,69,,12.02,,,Clear,
246,14/02/2024,6:25,11,Bus_C789,D005,3,111,12.4,21.28,Low,Clear,43
247,28/03/2023,14:44,76,Bus_F987,D008,0,67,15.54,22.91,Low,Clear,45
248,24/02/2024,9:56,77,Bus_I987,D007,0,,13.7,22.58,Low,Clear,12
249,26/01/2024,8:06,80,Bus_F987,D003,78,40,4.48,23.52,Moderate,Rainy,49
250,11/06/2024,5:56,77,Bus_H321,D002,41,100,23.89,23.7,Low,Clear,4
251,18/08/2024,16:38,28,Bus_A123,D006,1,23,44.69,26.61,Moderate,Clear,19
252,19/03/2023,22:02,34,Bus_J654,D001,19,100,36.37,14.36,Low,Clear,10
253,08/08/2023,18:52,43,Bus_A123,D004,35,,11.17,,Heavy,Foggy,24
254,26/05/2023,15:44,29,Bus_D321,D003,48,95,35.58,27.87,Low,Clear,54
255,12/05/2023,21:38,93,Bus_C789,D006,11,67,48.76,15.28,Heavy,Foggy,46
256,21/04/2023,8:01,43,Bus_H321,D007,1,33,17.38,14.91,Heavy,Foggy,28
257,15/08/2024,15:06,6,Bus_G654,D008,29,103,32.1,14.29,Moderate,Rainy,21
258,14/02/2024,20:52,40,Bus_G654,D004,28,43,34.8,27.83,Low,Clear,4
259,31/03/2023,19:19,10,Bus_F987,D007,22,49,39.77,20.67,Heavy,Foggy,11
260,19/10/2023,12:36,14,Bus_I987,D005,56,119,48.41,19.91,Low,Clear,35
261,29/05/2024,13:15,50,Bus_J654,D008,63,111,7.26,5.09,Moderate,Clear,43
262,19/12/2024,15:22,64,Bus_H321,D009,71,97,45.65,29.3,,Clear,
263,25/03/2024,9:38,23,Bus_H321,D008,28,86,18.7,28.66,Heavy,Foggy,7
264,26/05/2023,16:51,50,Bus_J654,D009,22,38,23.45,20.26,Heavy,Rainy,60
265,26/03/2024,20:47,24,Bus_J654,D009,1,40,10.05,17.66,Moderate,Rainy,42
266,30/05/2023,5:16,79,Bus_J654,D005,50,49,49.97,,Moderate,Clear,
267,15/08/2023,22:40,34,Bus_D321,D005,20,99,30.05,26.19,Heavy,Rainy,14
268,09/07/2024,8:09,75,Bus_C789,D001,12,74,19.56,17.21,Heavy,Rainy,22
269,23/05/2024,21:38,28,Bus_J654,D005,35,77,30.5,27.55,Moderate,Rainy,16
270,14/01/2024,8:44,55,Bus_I987,D003,0,32,23.71,29.77,Heavy,Rainy,18
271,30/10/2024,7:30,77,Bus_B456,D002,60,29,39.73,22.12,Heavy,Foggy,32
272,09/08/2023,6:15,90,Bus_F987,D004,4,91,35.89,16.04,Moderate,Clear,2
273,21/08/2023,17:07,13,Bus_J654,D005,15,90,1.76,10.64,Heavy,Rainy,6
274,21/12/2023,11:10,63,Bus_J654,D006,80,29,32.2,26.99,,Snowy,48
275,01/02/2024,10:19,14,Bus_F987,D002,27,41,37.93,16.89,Low,Clear,34
276,31/03/2024,5:56,40,Bus_A123,D006,23,111,21.62,13.59,Heavy,Foggy,23
277,16/02/2024,19:26,5,Bus_I987,D001,35,85,11.62,17.44,Low,Clear,55
278,15/12/2023,17:16,37,Bus_D321,D002,60,113,38.83,14.28,Low,Clear,
279,21/04/2024,11:11,36,Bus_B456,D006,66,92,20.77,14.71,Low,Clear,44
280,14/03/2023,18:34,60,Bus_J654,D002,26,114,15.63,11.57,Low,Clear,10
281,28/03/2023,7:13,30,Bus_I987,D003,36,80,24.74,13.27,,Clear,60
282,30/09/2023,10:52,98,Bus_I987,D003,45,84,49.86,23.77,Moderate,Rainy,39
283,09/10/2023,16:15,12,Bus_E654,D004,9,27,36.47,15.66,Heavy,Snowy,29
284,27/04/2023,10:22,5,Bus_E654,D002,72,86,33.93,19.17,Low,Clear,43
285,17/05/2024,22:43,80,Bus_H321,D005,56,43,27.96,5.31,Low,Clear,24
286,25/03/2023,18:00,6,Bus_J654,D002,60,32,5.27,22.33,Heavy,Snowy,9
287,23/10/2023,8:16,1,Bus_J654,D004,42,28,42.55,20.73,Heavy,Snowy,48
288,17/04/2024,18:45,83,Bus_A123,D009,10,49,44.15,14.21,Low,Clear,
289,05/06/2023,18:25,49,Bus_I987,D004,32,22,18.82,17.15,Heavy,Foggy,5
290,07/02/2024,22:16,38,Bus_I987,D003,63,99,34.01,10.36,Low,Clear,29
291,05/03/2024,16:01,85,Bus_C789,D010,24,92,28.6,,Low,Clear,17
292,16/12/2023,22:41,12,Bus_F987,D003,64,62,47.32,9.38,Moderate,Rainy,53
293,10/12/2024,12:37,3,Bus_A123,D003,40,32,7.92,25.82,Low,Clear,54
294,13/10/2023,15:12,42,Bus_H321,D001,16,82,19.11,9.6,Moderate,Rainy,
295,21/08/2024,7:43,95,Bus_A123,D009,45,50,45.26,6.9,Low,Clear,21
296,04/03/2023,11:16,38,Bus_H321,D004,41,84,42.19,19.76,Moderate,Rainy,32
297,10/09/2023,12:18,21,Bus_C789,D010,6,119,28.95,,Low,Clear,16
298,19/07/2024,7:31,38,Bus_C789,D006,62,105,4.19,18.4,Low,Clear,4
299,24/07/2024,5:44,14,Bus_B456,D008,69,104,11.67,9.78,Heavy,Foggy,4
300,17/09/2024,11:14,29,Bus_C789,D001,72,97,22.93,6.45,Heavy,Foggy,4
301,05/12/2024,18:35,99,Bus_I987,D010,26,103,10.6,20.05,Heavy,Foggy,
302,18/11/2023,12:06,88,Bus_D321,D005,6,84,21.36,,Moderate,Rainy,56
303,28/02/2024,18:49,35,Bus_E654,D009,16,116,35.65,10.11,Moderate,Rainy,11
304,12/09/2024,11:17,32,Bus_E654,D007,53,95,25.47,7.1,Low,Clear,
305,09/07/2024,7:44,56,Bus_H321,D009,27,103,31.97,9.83,Moderate,Clear,41
306,17/03/2023,17:53,33,Bus_F987,D010,15,26,5.18,19.6,Low,Clear,22
307,22/06/2023,14:24,28,Bus_C789,D001,58,107,29.63,16.82,Heavy,Rainy,15
308,01/10/2024,9:59,68,Bus_A123,D001,78,90,23.84,24.96,Heavy,Foggy,37
309,02/03/2023,5:50,3,Bus_E654,D007,19,23,31.55,8.38,,Snowy,50
310,04/03/2024,21:48,2,Bus_D321,D006,63,63,8.81,20.77,Moderate,Rainy,52
311,18/03/2023,21:14,80,Bus_H321,D001,70,29,3.45,19.06,Heavy,Rainy,42
312,07/03/2023,17:07,48,Bus_C789,D010,73,65,44.85,29.64,Moderate,Clear,22
313,06/10/2024,19:23,61,Bus_H321,D007,3,20,49.19,25.79,Moderate,Clear,3
314,17/08/2023,20:49,11,Bus_F987,D005,47,91,18.61,20.58,Moderate,Rainy,38
315,14/06/2023,7:16,48,Bus_B456,D007,73,25,4.98,8.41,Low,Clear,28
316,05/01/2024,8:47,61,Bus_J654,D006,16,42,24.71,9.71,Low,Clear,
317,19/09/2024,19:22,86,Bus_C789,D001,77,100,19.69,22.06,Heavy,Rainy,34
318,31/03/2023,13:57,19,Bus_E654,D010,74,46,3.12,8.12,,Snowy,50
319,18/11/2023,7:51,35,Bus_A123,D005,69,76,6.14,24.78,Moderate,Clear,10
320,11/05/2023,20:58,85,Bus_D321,D001,15,64,49.89,23.72,Moderate,Clear,16
321,08/11/2024,13:41,63,Bus_A123,D002,59,119,29.64,14.27,Heavy,Rainy,3
322,20/01/2023,12:15,56,Bus_A123,D006,45,75,19.28,25.77,,Clear,
323,11/02/2023,20:15,37,Bus_B456,D010,28,108,2.58,10.69,Heavy,Snowy,50
324,11/02/2023,21:53,79,Bus_G654,D007,51,93,14.5,22.17,Low,Clear,24
325,05/01/2023,13:15,13,Bus_D321,D006,79,98,2.98,22.17,Moderate,Clear,40
326,29/04/2024,22:15,37,Bus_E654,D004,25,35,34.01,19.5,Low,Clear,8
327,18/03/2023,9:35,31,Bus_A123,D002,10,91,26.3,20.68,Low,Clear,23
328,01/06/2024,17:28,94,Bus_B456,D009,78,74,36.15,18.4,,Clear,6
329,17/04/2023,13:13,35,Bus_D321,D003,73,95,41.64,17.89,Moderate,Rainy,51
330,17/08/2023,14:08,38,Bus_J654,D001,24,50,17.44,29.73,,Foggy,15
331,20/08/2024,22:44,4,Bus_E654,D009,18,49,23.98,14.88,Low,Clear,16
332,16/07/2023,19:35,56,Bus_G654,D006,27,35,23.0,7.61,Heavy,Foggy,4
333,29/03/2024,14:30,56,Bus_C789,D001,58,87,30.62,21.28,,Snowy,38
334,27/07/2024,9:29,95,Bus_B456,D005,37,118,25.27,16.85,Heavy,Foggy,
335,26/05/2024,9:35,13,Bus_C789,D001,63,73,38.59,7.89,Heavy,Snowy,57
336,02/05/2024,18:54,98,Bus_D321,D009,37,39,41.16,5.01,Low,Clear,39
337,07/10/2024,15:47,7,Bus_D321,D007,14,81,35.47,10.94,Heavy,Foggy,26
338,11/12/2023,14:52,38,Bus_F987,D001,75,82,17.75,20.72,Heavy,Snowy,12
339,02/09/2023,19:42,22,Bus_E654,D001,18,86,20.91,23.85,,Clear,48
340,28/07/2024,18:57,40,Bus_E654,D004,37,42,16.75,14.08,Moderate,Clear,28
341,14/06/2023,20:20,75,Bus_J654,D009,54,86,44.31,17.87,Heavy,Foggy,25
342,03/10/2024,8:40,66,Bus_J654,D008,43,74,49.95,10.87,Heavy,Rainy,
343,31/08/2024,22:18,50,Bus_B456,D004,3,92,39.95,21.68,Moderate,Rainy,22
344,06/10/2023,12:15,29,Bus_G654,D007,2,53,33.68,9.86,Moderate,Clear,4
345,29/01/2024,8:58,15,Bus_H321,D001,50,88,16.82,13.17,Heavy,Rainy,26
346,26/03/2023,17:57,6,Bus_D321,D004,35,116,16.87,6.83,,Clear,31
347,08/01/2023,10:41,87,Bus_J654,D001,18,120,5.34,21.41,Heavy,Rainy,42
348,01/01/2023,9:19,47,Bus_A123,D010,80,99,7.92,24.14,Low,Clear,27
349,11/01/2024,7:29,78,Bus_A123,D006,55,85,3.84,24.99,Low,Clear,32
350,18/11/2023,15:26,8,Bus_E654,D008,48,40,15.07,13.93,Heavy,Rainy,14
351,13/12/2023,11:17,41,Bus_C789,D004,79,52,28.54,12.67,Heavy,Foggy,23
352,08/02/2023,11:33,79,Bus_B456,D010,32,76,23.58,6.1,Heavy,Snowy,55
353,11/10/2024,8:04,78,Bus_C789,D007,80,90,31.94,17.58,Heavy,Snowy,14
354,21/05/2023,11:50,74,Bus_H321,D004,62,72,1.09,7.12,Moderate,Clear,50
355,07/03/2024,21:49,85,Bus_C789,D009,14,68,45.46,29.58,Low,Clear,22
356,06/10/2023,5:15,73,Bus_H321,D006,46,90,11.21,10.21,Heavy,Snowy,30
357,06/02/2024,5:45,40,Bus_H321,D005,33,89,3.21,8.13,Heavy,Rainy,52
358,04/12/2023,8:10,28,Bus_G654,D005,74,89,9.57,26.47,Moderate,Rainy,36
359,31/05/2023,14:38,32,Bus_B456,D006,61,89,19.12,21.74,Heavy,Foggy,49
360,19/09/2024,9:25,47,Bus_E654,D006,46,24,24.16,14.78,Heavy,Rainy,11
361,29/06/2023,5:46,89,Bus_I987,D003,69,92,29.43,17.71,Moderate,Rainy,23
362,08/09/2024,13:38,42,Bus_F987,D006,53,28,42.53,22.33,Heavy,Foggy,9
363,17/08/2023,11:13,3,Bus_J654,D005,35,115,12.49,26.87,Heavy,Rainy,47
364,21/04/2023,8:30,62,Bus_D321,D002,39,120,43.64,18.25,Moderate,Clear,16
365,11/09/2023,20:48,15,Bus_B456,D010,74,93,44.2,23.5,Moderate,Rainy,6
366,03/08/2024,17:02,40,Bus_I987,D006,47,78,37.6,25.14,Low,Clear,50
367,18/11/2024,10:36,85,Bus_D321,D008,6,43,33.23,5.82,Low,Clear,15
368,18/11/2024,9:18,37,Bus_F987,D003,18,47,46.06,14.31,,Rainy,
369,09/05/2023,7:29,55,Bus_H321,D006,66,29,4.08,24.64,,Snowy,27
370,21/02/2024,22:06,79,Bus_D321,D006,7,52,32.66,10.32,Heavy,Foggy,52
371,03/02/2023,21:17,93,Bus_E654,D004,80,77,6.44,15.04,Low,Clear,15
372,04/03/2023,12:52,22,Bus_A123,D009,32,82,12.48,15.47,,Clear,
373,20/07/2024,13:31,49,Bus_G654,D001,14,118,28.66,10.0,Moderate,Rainy,15
374,02/11/2024,5:34,64,Bus_H321,D004,39,116,46.45,9.68,Moderate,Clear,19
375,01/01/2023,10:27,43,Bus_C789,D005,26,41,22.12,5.84,Low,Clear,29
376,30/07/2024,21:38,2,Bus_F987,D006,74,117,14.15,21.91,Moderate,Rainy,14
377,02/06/2023,15:55,40,Bus_G654,D001,64,31,46.79,,Low,Clear,
378,03/04/2023,22:38,99,Bus_E654,D007,77,49,23.68,19.75,,Rainy,48
379,24/09/2024,7:00,60,Bus_I987,D004,22,22,46.74,17.72,Low,Clear,
380,13/11/2023,21:57,62,Bus_B456,D004,75,38,38.41,24.39,Moderate,Clear,3
381,02/02/2024,12:20,88,Bus_G654,D010,7,37,6.95,19.14,Low,Clear,17
382,18/10/2023,6:51,90,Bus_E654,D002,51,48,43.48,26.59,Heavy,Snowy,28
383,31/10/2024,8:27,41,Bus_E654,D003,70,50,13.37,26.08,Heavy,Snowy,41
384,23/10/2023,8:43,75,Bus_I987,D004,57,44,39.06,10.02,Low,Clear,57
385,28/01/2023,16:55,55,Bus_B456,D001,31,101,24.89,17.86,Heavy,Rainy,
386,30/10/2024,8:27,71,Bus_J654,D007,37,120,10.99,22.33,Low,Clear,26
387,29/01/2024,6:54,81,Bus_I987,D010,18,31,3.31,16.18,Low,Clear,
388,03/04/2023,8:32,90,Bus_E654,D004,20,107,25.41,5.78,Low,Clear,42
389,07/08/2023,5:52,41,Bus_F987,D005,41,62,23.89,29.41,Moderate,Rainy,26
390,14/03/2024,20:02,4,Bus_H321,D008,76,49,21.02,22.13,Heavy,Rainy,23
391,30/08/2023,16:27,11,Bus_B456,D006,50,69,5.39,29.12,Heavy,Rainy,
392,24/03/2023,15:08,16,Bus_A123,D001,17,60,34.86,22.7,Low,Clear,56
393,24/03/2023,15:12,58,Bus_G654,D008,79,65,7.66,27.21,Low,Clear,6
394,13/11/2023,19:37,59,Bus_I987,D008,36,45,31.65,19.92,Heavy,Foggy,36
395,09/01/2023,6:25,63,Bus_F987,D006,9,117,14.88,7.94,Heavy,Foggy,17
396,05/06/2024,12:01,77,Bus_E654,D005,35,33,2.49,20.62,Moderate,Clear,40
397,19/08/2023,18:56,77,Bus_F987,D010,35,93,43.41,16.41,Heavy,Rainy,21
398,14/02/2023,13:58,89,Bus_B456,D001,60,107,5.78,25.91,,Snowy,
399,29/11/2023,21:45,80,Bus_A123,D002,55,70,11.53,12.89,Low,Clear,18
400,29/05/2023,8:12,6,Bus_G654,D002,0,57,44.24,29.62,Moderate,Rainy,17
401,12/11/2024,9:44,35,Bus_C789,D002,18,24,12.7,23.42,Heavy,Rainy,18
402,03/02/2024,19:58,94,Bus_D321,D009,14,55,6.44,12.27,Low,Clear,
403,23/07/2024,5:08,34,Bus_F987,D005,34,86,42.09,22.24,,Rainy,32
404,18/05/2023,7:55,90,Bus_I987,D003,48,47,24.71,22.42,Moderate,Clear,19
405,27/07/2024,19:59,37,Bus_H321,D002,41,76,31.0,16.68,Low,Clear,16
406,31/07/2023,13:40,72,Bus_B456,D003,74,22,31.74,5.21,Low,Clear,3
407,11/10/2024,15:12,26,Bus_B456,D003,65,111,15.67,12.19,Moderate,Rainy,
408,19/03/2024,9:41,88,Bus_J654,D002,46,91,30.74,25.42,Moderate,Clear,13
409,18/12/2023,18:15,97,Bus_I987,D005,29,100,5.69,9.67,Low,Clear,
410,22/09/2024,11:31,51,Bus_H321,D001,37,58,13.11,5.0,Heavy,Snowy,3
411,02/03/2023,5:11,57,Bus_F987,D001,35,94,42.39,,Heavy,Snowy,59
412,03/10/2024,21:28,22,Bus_I987,D006,62,45,43.32,11.61,Heavy,Rainy,10
413,21/12/2024,20:48,50,Bus_C789,D009,7,114,9.36,23.42,Moderate,Rainy,12
414,16/01/2023,11:56,17,Bus_B456,D006,54,51,13.11,22.43,Moderate,Rainy,42
415,19/12/2023,11:07,61,Bus_D321,D001,4,62,21.31,9.01,Low,Clear,26
416,01/10/2023,14:02,3,Bus_I987,D007,37,119,26.8,11.75,Low,Clear,
417,30/03/2024,20:29,92,Bus_B456,D008,74,51,40.71,15.76,Low,Clear,20
418,28/03/2023,22:53,72,Bus_E654,D008,62,83,9.04,23.9,Heavy,Foggy,32
419,17/08/2024,16:07,19,Bus_I987,D008,61,39,19.7,5.5,Moderate,Rainy,40
420,31/05/2023,12:25,93,Bus_E654,D007,20,99,11.26,6.27,Low,Clear,4
421,09/08/2024,17:02,51,Bus_H321,D002,63,112,46.9,13.55,,Clear,43
422,26/06/2024,9:23,93,Bus_E654,D001,27,68,17.73,21.44,Moderate,Rainy,26
423,24/04/2024,8:22,60,Bus_F987,D009,46,62,21.39,,Moderate,Rainy,10
424,03/05/2023,11:26,52,Bus_B456,D003,53,40,19.61,8.94,Low,Clear,35
425,14/01/2024,10:42,37,Bus_B456,D007,40,38,10.36,7.88,Heavy,Rainy,41
426,29/11/2023,21:28,8,Bus_D321,D007,52,42,23.8,8.59,Heavy,Rainy,57
427,20/09/2024,6:56,69,Bus_H321,D007,78,39,31.77,10.89,,Foggy,23
428,05/07/2023,11:13,73,Bus_A123,D004,37,104,26.58,25.04,Low,Clear,25
429,02/09/2024,6:51,73,Bus_D321,D003,27,93,15.6,5.1,Moderate,Clear,
430,31/05/2023,14:30,23,Bus_A123,D003,10,28,18.25,24.06,Heavy,Snowy,
431,19/08/2024,11:34,70,Bus_J654,D004,55,32,7.38,28.56,,Clear,27
432,24/10/2024,20:32,5,Bus_I987,D009,39,50,25.21,27.1,Heavy,Rainy,
433,23/01/2024,20:44,99,Bus_G654,D009,37,69,22.87,24.13,Low,Clear,
434,27/06/2024,11:14,15,Bus_J654,D006,8,42,27.01,7.64,Low,Clear,24
435,16/05/2023,7:38,85,Bus_I987,D009,62,43,17.29,12.56,Heavy,Rainy,51
436,18/02/2024,22:36,6,Bus_A123,D006,37,113,22.45,7.86,Low,Clear,10
437,24/04/2024,5:05,67,Bus_B456,D005,39,35,21.24,29.83,Moderate,Rainy,3
438,18/08/2023,12:40,37,Bus_B456,D004,21,98,47.12,5.3,Heavy,Snowy,30
439,05/03/2023,10:12,38,Bus_I987,D009,73,101,18.62,28.23,,Snowy,45
440,13/06/2024,5:08,100,Bus_J654,D001,42,72,27.88,18.95,Heavy,Snowy,46
441,23/01/2023,7:39,7,Bus_E654,D008,46,32,40.17,25.38,Low,Clear,30
442,16/01/2024,20:37,4,Bus_G654,D005,5,41,44.61,17.99,Moderate,Clear,55
443,26/03/2024,10:44,42,Bus_F987,D002,58,71,31.02,22.47,,Snowy,47
444,13/09/2023,7:43,16,Bus_G654,D010,60,54,13.22,18.69,Heavy,Foggy,14
445,05/12/2024,15:40,79,Bus_D321,D006,16,36,28.21,15.37,Low,Clear,33
446,18/09/2023,15:44,3,Bus_E654,D006,58,106,40.04,17.63,Heavy,Rainy,45
447,27/03/2023,14:52,63,Bus_C789,D006,50,61,14.85,25.99,Moderate,Rainy,40
448,02/09/2023,17:27,1,Bus_B456,D009,27,99,15.86,16.85,Moderate,Clear,60
449,18/01/2023,6:23,80,Bus_I987,D006,59,29,41.31,16.31,Moderate,Clear,41
450,25/12/2023,13:19,21,Bus_C789,D005,18,64,10.77,15.11,Heavy,Foggy,60
451,28/08/2024,11:36,75,Bus_I987,D001,61,78,30.17,22.81,Heavy,Foggy,13
452,25/02/2024,19:28,28,Bus_B456,D010,68,93,47.17,15.68,Low,Clear,24
453,24/06/2024,13:41,95,Bus_B456,D006,14,23,45.16,,Low,Clear,24
454,03/07/2024,13:06,58,Bus_G654,D005,23,23,28.18,10.09,Moderate,Rainy,10
455,25/07/2024,20:17,47,Bus_B456,D002,18,79,8.55,10.68,Heavy,Snowy,34
456,30/12/2024,18:36,23,Bus_D321,D010,32,104,30.27,10.61,Moderate,Clear,46
457,25/06/2024,19:01,29,Bus_J654,D007,24,30,47.87,24.16,Low,Clear,
458,14/12/2024,6:32,57,Bus_H321,D009,26,78,5.34,15.07,Low,Clear,49
459,26/06/2023,17:17,1,Bus_J654,D006,25,95,48.79,8.9,Low,Clear,
460,06/12/2023,18:53,40,Bus_I987,D009,64,120,6.85,,Moderate,Clear,26
461,21/05/2023,12:01,40,Bus_H321,D003,63,89,35.03,8.31,Low,Clear,30
462,16/05/2023,11:10,36,Bus_A123,D002,70,71,23.59,5.75,Heavy,Rainy,26
463,25/10/2024,14:19,18,Bus_C789,D005,30,46,36.84,28.2,,Rainy,24
464,12/05/2023,20:02,72,Bus_E654,D010,46,69,8.92,26.59,,Clear,0
465,11/02/2023,7:15,56,Bus_A123,D007,57,33,49.98,11.09,Moderate,Clear,57
466,22/08/2024,17:57,57,Bus_C789,D007,36,30,10.29,19.56,,Snowy,59
467,23/10/2023,17:07,15,Bus_I987,D001,27,53,45.37,16.63,Moderate,Clear,30
468,12/06/2023,8:48,82,Bus_F987,D007,64,114,34.42,5.05,Heavy,Rainy,44
469,12/11/2024,10:38,22,Bus_B456,D004,2,49,49.73,,Heavy,Rainy,29
470,09/10/2023,7:46,86,Bus_F987,D005,77,70,32.78,,Moderate,Rainy,54
471,10/05/2023,8:38,74,Bus_F987,D008,56,109,17.99,27.08,,Clear,45
472,09/11/2023,6:50,8,Bus_J654,D010,59,92,26.18,18.53,Low,Clear,18
473,24/05/2023,9:44,19,Bus_J654,D008,72,48,10.87,22.69,Heavy,Snowy,46
474,07/11/2024,11:32,35,Bus_I987,D003,60,60,10.85,11.1,Low,Clear,20
475,10/07/2023,20:42,63,Bus_F987,D002,76,70,23.61,23.39,,Snowy,26
476,29/11/2024,21:24,49,Bus_F987,D002,31,92,2.14,21.66,Heavy,Rainy,42
477,28/03/2024,20:00,32,Bus_F987,D008,56,85,5.97,13.5,Low,Clear,25
478,20/02/2023,17:42,38,Bus_H321,D009,35,,47.24,25.32,Low,Clear,12
479,29/06/2024,6:11,23,Bus_H321,D006,6,59,5.22,6.4,Low,Clear,
480,16/12/2023,19:47,76,Bus_A123,D005,7,59,33.29,25.17,Low,Clear,24
481,08/10/2023,19:30,1,Bus_B456,D009,13,63,26.18,28.97,,Rainy,
482,05/05/2023,7:27,96,Bus_C789,D003,19,116,45.38,21.9,Heavy,Rainy,31
483,28/06/2023,11:45,73,Bus_G654,D010,62,93,40.12,19.33,Low,Clear,57
484,23/03/2024,7:21,61,Bus_I987,D003,19,96,42.15,6.07,Moderate,Rainy,29
485,07/02/2023,12:13,11,Bus_J654,D007,10,,46.26,24.18,Heavy,Rainy,
486,19/09/2023,22:05,91,Bus_D321,D002,78,32,39.96,13.58,Moderate,Clear,
487,18/06/2024,17:19,45,Bus_B456,D001,19,40,34.5,6.89,Heavy,Foggy,23
488,08/11/2023,19:48,49,Bus_H321,D003,44,21,47.81,29.43,Moderate,Clear,
489,31/03/2023,20:59,39,Bus_H321,D010,9,22,21.26,16.93,,Snowy,39
490,05/08/2023,9:35,13,Bus_J654,D007,48,106,8.46,26.32,Moderate,Clear,
491,02/09/2024,19:45,65,Bus_F987,D002,47,37,21.53,11.45,Low,Clear,36
492,03/04/2024,17:26,61,Bus_A123,D005,75,98,43.13,16.6,Moderate,Rainy,1
493,30/07/2023,8:35,37,Bus_B456,D002,2,74,46.09,19.54,Heavy,Foggy,52
494,20/04/2023,9:29,92,Bus_D321,D009,32,29,28.7,17.12,Heavy,Rainy,
495,25/08/2024,19:18,5,Bus_B456,D001,0,119,28.93,10.65,Low,Clear,30
496,14/01/2024,14:45,2,Bus_E654,D007,59,70,47.84,26.8,,Foggy,6
497,21/06/2024,22:48,15,Bus_I987,D002,79,113,5.68,28.62,Heavy,Foggy,47
498,02/10/2023,22:31,48,Bus_J654,D006,11,68,22.64,18.23,Low,Clear,46
499,31/10/2024,9:30,34,Bus_C789,D007,10,46,21.45,20.65,Moderate,Clear,16
500,08/02/2023,18:22,65,Bus_H321,D005,62,107,35.19,10.36,Heavy,Foggy,29
501,10/05/2024,5:26,86,Bus_D321,D008,17,71,4.07,6.78,Moderate,Rainy,52
502,31/07/2024,22:52,45,Bus_B456,D001,54,102,20.38,25.98,Moderate,Clear,11
503,15/04/2023,18:22,28,Bus_D321,D008,77,35,15.16,,Moderate,Clear,48
504,29/11/2024,11:35,58,Bus_A123,D001,31,105,9.44,27.27,,Clear,26
505,06/10/2024,7:17,12,Bus_F987,D002,46,102,35.66,,Heavy,Foggy,
506,14/11/2024,12:01,1,Bus_A123,D001,0,115,28.75,,Moderate,Rainy,40
507,10/11/2024,20:58,74,Bus_H321,D001,16,76,44.73,27.52,Low,Clear,59
508,23/04/2023,15:40,85,Bus_A123,D001,39,94,31.87,23.06,,Rainy,10
509,01/09/2023,11:53,27,Bus_E654,D006,52,21,40.56,27.0,Heavy,Rainy,53
510,06/10/2023,19:30,61,Bus_I987,D010,56,116,25.61,6.36,Low,Clear,19
511,17/01/2023,17:18,15,Bus_C789,D004,4,45,48.41,16.5,Heavy,Snowy,21
512,13/08/2023,21:50,5,Bus_B456,D005,61,90,46.57,8.95,Low,Clear,39
513,14/07/2024,22:26,20,Bus_J654,D007,39,20,32.68,27.28,,Clear,52
514,12/11/2024,13:50,65,Bus_D321,D003,41,93,22.61,17.28,Moderate,Clear,35
515,06/04/2023,13:00,21,Bus_C789,D010,38,,33.55,18.43,Heavy,Rainy,
516,05/10/2024,16:35,16,Bus_D321,D010,27,120,12.88,8.33,Moderate,Rainy,28
517,08/01/2023,14:48,55,Bus_D321,D007,18,78,1.17,29.42,Moderate,Clear,6
518,08/12/2023,11:03,81,Bus_C789,D002,73,89,42.11,29.3,Heavy,Foggy,17
519,20/06/2024,12:43,73,Bus_J654,D005,5,108,30.84,22.98,Heavy,Rainy,13
520,26/02/2024,10:24,58,Bus_A123,D004,12,40,15.6,25.87,Moderate,Clear,
521,18/07/2024,9:51,65,Bus_F987,D010,66,,33.87,8.26,Heavy,Rainy,50
522,02/07/2023,7:38,53,Bus_J654,D008,36,53,18.75,13.17,,Snowy,32
523,16/03/2023,7:40,94,Bus_E654,D004,51,43,40.15,14.66,Low,Clear,
524,19/01/2024,15:13,33,Bus_F987,D008,64,65,28.42,10.2,Heavy,Snowy,48
525,25/12/2023,6:34,10,Bus_F987,D004,60,118,39.89,26.41,Moderate,Rainy,52
526,17/10/2023,7:12,37,Bus_F987,D008,10,107,3.76,8.08,Moderate,Clear,58
527,28/02/2023,5:40,54,Bus_G654,D007,0,92,32.36,24.67,Low,Clear,1
528,03/04/2023,19:43,22,Bus_D321,D007,53,101,21.36,5.49,Moderate,Clear,1
529,07/03/2023,15:31,77,Bus_F987,D002,43,38,6.57,23.68,Moderate,Rainy,43
530,24/09/2023,19:22,32,Bus_F987,D002,75,104,11.72,17.0,Low,Clear,57
531,05/08/2024,14:27,12,Bus_A123,D007,75,120,30.84,18.14,,Clear,16
532,05/03/2023,5:11,21,Bus_F987,D001,17,32,16.38,13.72,Heavy,Foggy,16
533,26/01/2024,19:47,22,Bus_B456,D003,39,27,24.24,6.03,Heavy,Foggy,33
534,04/06/2023,21:44,28,Bus_E654,D009,65,59,10.01,21.19,Moderate,Clear,46
535,17/06/2024,7:31,80,Bus_E654,D003,58,60,9.74,6.48,Low,Clear,60
536,16/11/2024,8:55,60,Bus_J654,D008,56,101,26.71,16.0,Heavy,Rainy,25
537,01/03/2023,11:30,20,Bus_G654,D005,42,96,37.57,17.42,,Rainy,38
538,17/03/2023,22:06,42,Bus_E654,D003,66,113,21.11,19.36,Moderate,Rainy,4
539,29/09/2023,16:05,90,Bus_A123,D004,21,50,15.7,19.14,Low,Clear,48
540,29/08/2024,21:01,12,Bus_E654,D005,15,87,41.2,29.28,Low,Clear,10
541,29/10/2024,20:03,28,Bus_A123,D004,54,67,27.87,6.39,Moderate,Rainy,8
542,03/03/2023,6:50,9,Bus_C789,D005,74,34,13.88,26.21,Low,Clear,22
543,28/07/2023,15:34,87,Bus_C789,D009,68,110,22.5,16.89,Heavy,Snowy,9
544,07/02/2024,17:29,38,Bus_B456,D005,11,82,2.01,7.61,Low,Clear,26
545,25/01/2024,16:16,33,Bus_B456,D008,42,62,21.13,12.31,Heavy,Foggy,29
546,17/10/2024,12:50,31,Bus_E654,D002,55,33,13.66,18.04,Low,Clear,46
547,13/01/2023,22:09,58,Bus_I987,D010,16,106,30.81,22.33,Low,Clear,
548,27/01/2024,12:18,94,Bus_A123,D007,67,33,49.83,12.19,Heavy,Rainy,20
549,31/05/2024,18:29,27,Bus_A123,D005,55,89,36.88,28.49,Moderate,Rainy,47
550,11/10/2023,16:13,91,Bus_D321,D007,67,111,1.73,19.06,Low,Clear,41
551,06/09/2024,5:06,37,Bus_E654,D003,30,52,10.44,23.61,Moderate,Clear,51
552,16/08/2023,17:48,63,Bus_E654,D010,8,112,21.77,12.89,Low,Clear,
553,22/12/2023,12:57,68,Bus_E654,D001,1,76,31.28,20.66,,Clear,46
554,01/10/2024,21:03,92,Bus_E654,D002,71,101,38.08,17.27,Low,Clear,53
555,16/03/2024,17:25,68,Bus_G654,D001,12,97,8.95,12.99,Moderate,Clear,4
556,03/05/2024,12:34,83,Bus_I987,D004,37,102,30.86,18.54,Low,Clear,
557,07/12/2024,18:25,59,Bus_C789,D001,5,79,14.52,10.76,Heavy,Snowy,53
558,04/12/2023,6:26,33,Bus_G654,D008,0,90,47.65,13.4,Low,Clear,59
559,09/10/2023,22:32,84,Bus_H321,D003,44,53,47.26,12.83,Heavy,Foggy,37
560,22/08/2024,22:02,61,Bus_D321,D009,40,91,43.07,7.57,Moderate,Clear,
561,15/04/2024,12:32,31,Bus_F987,D007,72,48,24.59,11.92,Moderate,Clear,49
562,11/08/2023,10:54,16,Bus_B456,D001,38,98,18.59,24.67,Low,Clear,4
563,16/01/2024,15:38,37,Bus_A123,D005,73,96,26.62,23.42,Heavy,Foggy,50
564,17/12/2023,10:45,84,Bus_C789,D010,28,48,19.26,22.36,Heavy,Foggy,7
565,27/10/2023,18:45,66,Bus_B456,D005,38,95,31.98,21.16,Moderate,Rainy,50
566,18/03/2023,12:45,40,Bus_D321,D003,61,85,14.21,14.99,Heavy,Rainy,27
567,08/09/2024,19:07,4,Bus_B456,D005,17,116,15.45,16.84,Heavy,Snowy,
568,01/01/2024,5:04,28,Bus_J654,D010,6,29,30.75,8.63,Heavy,Foggy,60
569,11/09/2023,10:32,47,Bus_A123,D008,6,47,23.75,22.24,Low,Clear,13
570,02/06/2024,16:05,85,Bus_A123,D002,27,118,34.14,17.05,Low,Clear,39
571,17/03/2023,10:58,36,Bus_H321,D001,54,49,22.32,27.69,,Snowy,18
572,07/11/2023,15:06,61,Bus_F987,D003,11,108,26.71,20.94,Heavy,Rainy,
573,18/08/2023,5:48,54,Bus_H321,D006,8,102,44.36,7.3,Moderate,Clear,23
574,31/07/2023,19:21,40,Bus_J654,D004,55,54,39.05,7.11,Moderate,Clear,43
575,01/11/2023,21:46,30,Bus_H321,D003,68,95,2.73,29.24,Low,Clear,
576,22/10/2024,14:39,35,Bus_H321,D004,69,110,37.74,27.28,Moderate,Clear,
577,06/06/2023,17:22,7,Bus_B456,D001,39,97,19.29,12.4,Moderate,Clear,23
578,16/07/2023,10:54,35,Bus_D321,D003,63,119,24.3,24.72,Low,Clear,56
579,21/04/2024,20:48,4,Bus_D321,D009,27,38,33.11,11.8,Heavy,Snowy,0
580,23/05/2024,20:26,85,Bus_E654,D002,3,31,11.17,16.05,Moderate,Clear,23
581,07/01/2024,5:54,28,Bus_I987,D008,60,78,17.87,28.72,Low,Clear,
582,03/07/2024,10:54,78,Bus_G654,D002,56,43,20.8,23.23,Heavy,Snowy,19
583,09/10/2024,7:43,32,Bus_D321,D009,56,33,39.48,12.73,Moderate,Rainy,45
584,29/03/2023,7:29,63,Bus_G654,D006,21,,37.78,16.71,Heavy,Foggy,55
585,30/05/2024,10:28,55,Bus_J654,D009,64,78,1.94,12.13,Low,Clear,
586,26/12/2024,5:24,28,Bus_F987,D004,64,113,8.66,9.91,Low,Clear,10
587,03/12/2023,16:41,15,Bus_E654,D008,29,,38.59,14.96,Moderate,Clear,33
588,15/05/2023,19:33,26,Bus_D321,D003,65,58,44.53,6.73,Heavy,Rainy,39
589,05/05/2024,22:47,57,Bus_I987,D008,15,92,16.56,6.51,Heavy,Rainy,42
590,18/12/2024,18:14,15,Bus_H321,D003,58,20,36.32,24.03,Heavy,Foggy,3
591,23/04/2024,19:24,60,Bus_B456,D007,46,29,31.2,5.01,Moderate,Clear,
592,15/07/2023,13:01,31,Bus_D321,D009,44,60,35.33,24.36,Moderate,Rainy,
593,21/07/2024,14:26,83,Bus_A123,D010,47,67,14.67,28.45,Moderate,Clear,16
594,30/07/2023,9:22,33,Bus_G654,D004,6,117,24.95,7.25,Moderate,Rainy,13
595,15/01/2024,16:38,79,Bus_I987,D002,35,28,3.84,18.37,Low,Clear,36
596,31/01/2023,21:16,8,Bus_J654,D005,42,41,4.14,11.25,Moderate,Rainy,54
597,01/05/2023,10:31,10,Bus_I987,D010,47,106,13.85,17.49,Heavy,Foggy,12
598,16/05/2023,17:26,64,Bus_C789,D006,11,82,6.0,9.25,Heavy,Rainy,44
599,08/04/2024,12:43,100,Bus_C789,D009,74,59,4.54,6.44,Heavy,Rainy,57
600,05/01/2024,14:24,16,Bus_D321,D006,0,85,13.32,27.87,Heavy,Rainy,26
601,03/11/2024,13:17,99,Bus_H321,D003,20,33,28.11,24.51,Moderate,Clear,35
602,24/03/2023,15:32,2,Bus_J654,D010,48,85,25.75,22.68,Heavy,Foggy,
603,11/09/2024,11:09,86,Bus_B456,D006,40,112,15.95,28.51,Moderate,Clear,42
604,12/02/2023,12:00,15,Bus_C789,D007,8,51,31.85,26.24,Low,Clear,45
605,01/08/2023,15:46,7,Bus_B456,D002,79,93,1.18,28.34,Low,Clear,43
606,08/05/2024,11:26,87,Bus_A123,D002,49,113,9.82,9.3,Heavy,Foggy,10
607,27/08/2024,5:22,91,Bus_F987,D009,65,110,18.8,24.74,Moderate,Rainy,32
608,11/09/2023,18:09,44,Bus_G654,D010,24,112,26.17,5.15,Moderate,Clear,23
609,08/08/2024,19:42,88,Bus_H321,D008,45,25,24.18,25.14,Heavy,Snowy,57
610,09/05/2023,6:00,42,Bus_A123,D008,16,64,36.87,5.57,Moderate,Rainy,38
611,16/08/2023,5:57,18,Bus_C789,D004,70,102,12.41,17.21,Heavy,Foggy,
612,17/06/2023,12:09,63,Bus_G654,D007,6,55,28.56,12.98,Low,Clear,12
613,04/09/2024,11:12,87,Bus_E654,D004,5,116,2.91,26.3,Low,Clear,
614,03/06/2023,20:46,72,Bus_E654,D001,66,,23.1,15.95,Heavy,Foggy,20
615,10/03/2023,15:37,82,Bus_A123,D003,47,117,33.52,7.95,Low,Clear,12
616,09/08/2023,12:18,20,Bus_A123,D006,45,89,32.55,17.65,Moderate,Rainy,37
617,21/07/2023,17:33,74,Bus_A123,D009,18,74,5.62,7.14,Moderate,Rainy,14
618,11/05/2024,13:43,13,Bus_D321,D010,39,29,23.58,13.96,Heavy,Foggy,30
619,26/11/2023,13:12,60,Bus_A123,D010,29,83,7.54,17.16,Moderate,Clear,56
620,09/06/2024,13:49,32,Bus_C789,D008,4,28,9.99,16.53,Heavy,Foggy,47
621,28/06/2024,21:09,7,Bus_I987,D010,44,94,30.03,16.66,Low,Clear,9
622,03/01/2024,20:35,2,Bus_H321,D001,35,53,10.46,9.25,Low,Clear,19
623,13/07/2024,5:48,75,Bus_F987,D004,37,71,24.7,12.03,Low,Clear,45
624,24/07/2023,8:45,10,Bus_I987,D006,1,85,39.04,17.56,Moderate,Clear,60
625,04/12/2024,19:29,35,Bus_E654,D006,57,103,37.35,16.94,Moderate,Rainy,
626,09/03/2024,17:28,17,Bus_E654,D009,76,109,38.03,,Heavy,Rainy,53
627,24/12/2023,10:41,19,Bus_F987,D001,21,72,49.86,19.21,Moderate,Clear,55
628,26/12/2023,17:15,32,Bus_E654,D001,61,67,44.76,,Moderate,Clear,
629,11/10/2024,21:44,54,Bus_B456,D006,5,60,9.83,8.1,Heavy,Snowy,30
630,14/10/2023,15:06,5,Bus_I987,D004,78,77,26.55,22.29,Low,Clear,29
631,23/09/2023,5:59,27,Bus_F987,D001,26,117,13.93,16.1,,Foggy,11
632,03/03/2023,22:19,10,Bus_E654,D009,51,93,36.8,8.37,Heavy,Foggy,8
633,09/03/2023,20:00,23,Bus_A123,D009,56,108,25.44,20.14,Low,Clear,
634,12/11/2024,19:55,38,Bus_G654,D009,76,40,45.05,10.81,Heavy,Rainy,54
635,29/10/2023,6:55,50,Bus_G654,D001,62,104,12.38,17.76,Low,Clear,42
636,03/12/2024,7:20,21,Bus_C789,D003,16,53,35.96,11.95,Low,Clear,44
637,22/02/2023,11:08,65,Bus_I987,D004,18,102,20.46,29.29,Low,Clear,52
638,08/11/2024,12:29,49,Bus_G654,D008,37,52,6.89,24.26,,Clear,46
639,17/11/2023,22:06,3,Bus_E654,D003,45,94,38.04,5.41,Low,Clear,7
640,29/03/2024,22:59,46,Bus_J654,D005,62,30,7.9,6.13,Heavy,Foggy,31
641,14/02/2023,18:44,45,Bus_J654,D007,16,65,46.32,21.99,Low,Clear,24
642,10/12/2023,8:47,69,Bus_I987,D006,29,91,20.61,,Heavy,Foggy,8
643,29/05/2024,8:41,15,Bus_B456,D002,74,110,7.46,11.71,Heavy,Foggy,46
644,22/09/2024,16:36,50,Bus_G654,D006,74,36,11.8,26.13,Low,Clear,34
645,19/06/2024,14:46,73,Bus_J654,D003,49,42,28.29,5.26,,Foggy,30
646,12/08/2023,21:01,13,Bus_H321,D003,73,32,3.63,10.21,Heavy,Snowy,
647,17/07/2023,19:42,74,Bus_J654,D007,41,22,40.89,5.72,Moderate,Rainy,20
648,18/06/2023,16:14,48,Bus_A123,D010,43,112,9.81,28.66,Heavy,Rainy,18
649,16/03/2024,14:19,24,Bus_I987,D004,56,81,23.4,29.74,Moderate,Rainy,58
650,28/10/2024,8:42,65,Bus_G654,D002,6,88,14.03,10.23,,Foggy,59
651,11/05/2023,20:24,51,Bus_C789,D006,66,35,23.05,19.26,Low,Clear,31
652,28/07/2023,11:56,84,Bus_G654,D009,28,59,40.86,14.38,Heavy,Rainy,34
653,09/10/2023,13:34,12,Bus_E654,D006,48,83,10.3,19.08,Heavy,Snowy,23
654,07/02/2024,18:29,28,Bus_B456,D004,46,93,31.13,20.24,Moderate,Rainy,55
655,26/08/2024,11:15,62,Bus_E654,D009,76,113,32.38,,,Snowy,33
656,05/03/2023,14:46,55,Bus_J654,D005,13,61,24.16,16.93,Moderate,Rainy,46
657,07/11/2024,9:19,70,Bus_J654,D004,73,105,49.98,28.11,,Snowy,6
658,13/01/2024,11:23,39,Bus_J654,D002,37,67,41.96,12.92,Heavy,Rainy,60
659,02/07/2023,18:58,97,Bus_D321,D002,15,91,39.23,28.29,,Rainy,44
660,15/06/2023,16:03,70,Bus_C789,D007,13,27,27.75,13.07,Low,Clear,32
661,25/10/2024,9:07,91,Bus_H321,D008,22,102,3.91,6.11,Heavy,Snowy,44
662,13/08/2024,16:27,90,Bus_A123,D001,56,69,13.56,17.33,Low,Clear,23
663,01/01/2024,5:41,100,Bus_I987,D003,62,93,33.42,5.92,Low,Clear,47
664,05/08/2023,15:08,43,Bus_B456,D009,21,106,16.79,28.89,Heavy,Foggy,33
665,20/07/2023,9:32,27,Bus_C789,D010,16,96,33.9,16.0,Moderate,Rainy,41
666,25/05/2024,20:56,94,Bus_B456,D009,40,81,37.31,12.06,Low,Clear,38
667,02/03/2023,10:27,40,Bus_J654,D002,40,91,33.96,17.37,Heavy,Snowy,51
668,18/09/2023,22:41,97,Bus_A123,D010,6,56,33.56,23.83,Low,Clear,
669,04/03/2024,21:26,65,Bus_E654,D005,47,104,10.18,10.95,Low,Clear,15
670,16/01/2024,16:03,38,Bus_A123,D009,54,20,26.32,,,Foggy,30
671,25/09/2024,14:10,10,Bus_A123,D004,80,91,5.68,27.79,Moderate,Clear,40
672,11/04/2023,6:16,54,Bus_D321,D004,39,110,32.37,7.8,Heavy,Snowy,
673,03/02/2024,22:47,41,Bus_A123,D004,0,100,9.07,18.77,,Rainy,22
674,19/11/2023,21:38,9,Bus_E654,D008,61,21,27.04,14.16,Moderate,Rainy,34
675,06/05/2024,18:11,34,Bus_E654,D008,50,110,42.16,15.14,Moderate,Clear,45
676,17/04/2023,8:40,58,Bus_F987,D008,4,34,23.17,21.77,Low,Clear,21
677,30/04/2024,7:59,58,Bus_E654,D001,15,50,10.18,10.31,Moderate,Clear,49
678,18/05/2024,18:14,11,Bus_I987,D005,32,48,13.63,6.65,Moderate,Clear,
679,04/11/2023,18:56,44,Bus_J654,D009,47,52,5.11,15.33,Low,Clear,5
680,16/05/2023,13:46,5,Bus_B456,D008,29,92,47.51,6.4,Low,Clear,46
681,12/12/2023,18:48,97,Bus_C789,D004,41,46,14.95,27.99,Moderate,Clear,27
682,04/09/2024,15:43,32,Bus_D321,D003,60,106,30.17,26.78,Moderate,Rainy,11
683,07/09/2024,5:31,69,Bus_A123,D006,69,102,2.07,21.44,Moderate,Rainy,37
684,20/10/2024,5:01,53,Bus_D321,D010,46,42,35.38,15.18,Moderate,Clear,55
685,31/10/2024,18:41,53,Bus_F987,D009,64,75,26.55,15.52,Heavy,Snowy,19
686,06/04/2023,13:52,8,Bus_J654,D003,0,90,42.24,7.61,Moderate,Rainy,3
687,25/10/2024,14:50,32,Bus_I987,D002,27,55,2.65,22.36,Moderate,Rainy,32
688,11/04/2023,5:45,62,Bus_A123,D006,0,97,16.28,9.25,Low,Clear,23
689,31/03/2023,6:04,89,Bus_G654,D010,34,104,9.2,8.58,Moderate,Rainy,57
690,15/06/2024,5:17,95,Bus_E654,D002,65,100,4.54,7.44,Low,Clear,4
691,18/06/2024,5:24,2,Bus_C789,D010,60,20,44.35,20.82,Moderate,Rainy,
692,04/03/2024,13:19,15,Bus_E654,D001,8,59,34.85,24.13,Low,Clear,56
693,08/11/2024,21:41,94,Bus_A123,D004,37,119,6.3,15.47,Low,Clear,22
694,03/11/2023,10:34,58,Bus_A123,D007,41,40,26.85,23.59,Low,Clear,21
695,09/03/2023,7:44,51,Bus_I987,D010,23,45,14.94,27.47,Low,Clear,11
696,20/01/2023,9:51,86,Bus_I987,D006,27,43,49.86,23.72,Heavy,Snowy,48
697,01/12/2024,19:49,37,Bus_J654,D005,58,119,28.35,28.87,Low,Clear,48
698,13/12/2023,19:22,14,Bus_G654,D001,30,30,10.28,11.87,Moderate,Clear,16
699,03/06/2024,10:02,96,Bus_I987,D006,58,50,19.53,21.77,Heavy,Rainy,4
700,18/09/2023,22:56,93,Bus_E654,D006,79,51,28.39,27.22,Heavy,Snowy,0
701,22/06/2023,20:51,64,Bus_H321,D004,48,119,42.46,10.98,Low,Clear,8
702,15/10/2023,10:39,49,Bus_A123,D008,16,91,22.48,17.64,Low,Clear,51
703,17/02/2023,9:17,36,Bus_E654,D001,49,51,41.58,11.06,Low,Clear,1
704,23/08/2023,15:19,38,Bus_B456,D007,59,49,14.99,23.63,Low,Clear,0
705,23/01/2024,17:23,86,Bus_C789,D009,66,117,49.67,26.51,Heavy,Rainy,35
706,17/06/2024,19:36,77,Bus_C789,D009,44,111,32.47,5.04,Moderate,Rainy,55
707,05/07/2023,10:15,12,Bus_I987,D001,24,55,27.23,21.26,Low,Clear,53
708,27/01/2024,19:48,2,Bus_F987,D004,32,84,33.37,25.42,,Snowy,30
709,27/07/2023,11:38,96,Bus_D321,D010,21,20,5.24,28.98,Moderate,Clear,25
710,14/02/2024,15:25,31,Bus_I987,D007,4,91,41.97,6.81,Heavy,Rainy,42
711,04/07/2023,20:12,35,Bus_H321,D007,73,29,13.04,13.75,Low,Clear,50
712,20/01/2024,6:23,62,Bus_E654,D006,20,31,24.3,17.64,Heavy,Rainy,10
713,25/05/2023,22:21,63,Bus_E654,D003,75,116,12.96,29.52,Moderate,Clear,51
714,07/06/2023,18:10,12,Bus_C789,D001,40,76,13.54,25.3,,Rainy,50
715,05/01/2024,8:40,54,Bus_F987,D002,26,110,32.3,9.19,,Snowy,58
716,08/05/2023,10:47,1,Bus_H321,D009,39,85,6.41,13.92,Low,Clear,15
717,07/11/2024,5:06,58,Bus_B456,D006,19,21,37.49,25.04,Heavy,Snowy,31
718,28/10/2024,21:32,26,Bus_G654,D009,78,78,20.94,13.25,Low,Clear,1
719,09/05/2023,6:34,28,Bus_E654,D001,57,74,18.27,17.62,Heavy,Rainy,5
720,11/01/2023,11:17,85,Bus_I987,D007,15,97,22.12,29.49,Low,Clear,59
721,26/02/2023,12:00,95,Bus_I987,D006,57,119,12.3,24.92,,Clear,9
722,04/05/2023,22:17,6,Bus_H321,D001,7,48,37.13,27.62,Heavy,Rainy,4
723,13/10/2024,11:42,89,Bus_E654,D006,44,68,3.37,21.78,Heavy,Rainy,10
724,21/06/2023,15:57,22,Bus_D321,D004,23,52,6.49,27.79,Heavy,Snowy,22
725,13/04/2024,17:08,22,Bus_J654,D005,45,51,49.52,7.76,Moderate,Rainy,40
726,12/07/2024,16:30,74,Bus_A123,D003,80,55,27.7,20.41,Moderate,Rainy,28
727,15/08/2024,18:55,76,Bus_I987,D004,11,43,4.81,16.95,Heavy,Snowy,16
728,16/06/2023,22:01,78,Bus_E654,D009,15,,25.1,22.53,Heavy,Rainy,4
729,21/01/2023,19:18,20,Bus_D321,D004,63,28,22.32,8.74,Moderate,Clear,
730,11/12/2023,17:23,3,Bus_C789,D007,18,21,11.12,12.52,Moderate,Rainy,
731,11/10/2024,13:54,70,Bus_F987,D002,12,29,14.03,17.55,Low,Clear,14
732,25/10/2023,20:58,54,Bus_E654,D006,3,91,14.3,25.23,Heavy,Rainy,
733,11/10/2024,19:49,56,Bus_G654,D001,17,114,11.48,24.73,Heavy,Foggy,18
734,09/09/2023,17:07,35,Bus_H321,D002,39,49,6.28,21.08,Moderate,Clear,11
735,11/08/2024,14:25,23,Bus_F987,D008,22,120,39.66,13.58,Low,Clear,28
736,29/05/2023,8:45,100,Bus_D321,D009,39,45,47.81,5.63,Low,Clear,22
737,30/04/2024,21:02,71,Bus_A123,D002,10,55,16.45,22.17,Moderate,Clear,45
738,21/10/2023,7:40,84,Bus_I987,D009,49,100,15.01,28.69,Moderate,Rainy,58
739,11/09/2024,21:22,7,Bus_G654,D009,56,71,20.25,15.73,Low,Clear,32
740,08/06/2023,9:24,56,Bus_J654,D009,50,119,43.0,17.34,Heavy,Snowy,
741,08/09/2023,10:30,27,Bus_C789,D002,26,108,28.71,16.69,Heavy,Snowy,16
742,29/10/2024,18:29,39,Bus_H321,D004,58,103,38.91,9.79,Low,Clear,9
743,22/09/2023,12:01,51,Bus_G654,D010,28,64,12.07,10.59,Moderate,Clear,
744,07/08/2023,18:14,28,Bus_D321,D009,5,94,19.17,16.28,Low,Clear,40
745,30/06/2024,10:27,65,Bus_B456,D010,16,35,8.46,17.72,Low,Clear,58
746,08/03/2024,14:43,78,Bus_E654,D004,76,27,34.93,12.0,Heavy,Foggy,25
747,08/08/2024,12:00,100,Bus_I987,D010,26,70,27.79,8.37,Heavy,Rainy,47
748,08/05/2023,11:27,27,Bus_F987,D003,12,69,7.05,12.19,Low,Clear,58
749,13/07/2024,21:54,98,Bus_C789,D008,65,98,21.67,22.34,Moderate,Rainy,29
750,29/05/2024,20:00,86,Bus_I987,D001,73,113,25.99,17.6,Moderate,Clear,14
751,16/04/2023,19:48,75,Bus_E654,D006,51,68,5.96,17.5,Moderate,Clear,41
752,06/01/2023,11:43,99,Bus_H321,D001,13,40,44.55,19.67,Moderate,Rainy,18
753,15/10/2023,8:03,21,Bus_H321,D005,1,29,48.73,13.63,Heavy,Foggy,
754,04/12/2024,5:32,33,Bus_B456,D010,36,113,1.99,26.15,,Snowy,52
755,02/10/2023,18:08,97,Bus_G654,D001,10,75,48.62,21.63,Low,Clear,44
756,01/10/2023,14:56,20,Bus_B456,D010,6,104,43.41,12.38,Moderate,Clear,16
757,23/11/2024,19:51,48,Bus_G654,D005,27,38,18.5,20.15,Moderate,Rainy,
758,23/12/2024,9:37,95,Bus_E654,D004,23,88,1.33,12.98,Low,Clear,26
759,27/01/2023,6:33,17,Bus_D321,D009,5,80,4.42,14.71,Moderate,Clear,52
760,06/08/2023,8:02,37,Bus_C789,D009,12,44,2.94,21.84,Moderate,Clear,29
761,02/10/2024,20:59,98,Bus_A123,D002,39,32,6.96,6.75,Heavy,Foggy,14
762,16/12/2024,16:53,44,Bus_G654,D002,75,87,7.22,10.58,Low,Clear,15
763,10/01/2024,18:45,17,Bus_H321,D008,0,53,41.56,7.26,,Foggy,9
764,17/02/2024,11:11,15,Bus_G654,D006,34,92,44.82,8.28,Moderate,Clear,8
765,01/09/2024,14:54,76,Bus_B456,D010,64,70,4.48,28.59,Low,Clear,
766,08/08/2024,19:06,88,Bus_D321,D001,8,58,18.19,7.71,Heavy,Rainy,29
767,28/07/2024,5:38,81,Bus_J654,D005,70,64,27.32,20.67,Moderate,Rainy,20
768,24/06/2023,17:37,76,Bus_J654,D006,72,36,49.86,22.08,Heavy,Foggy,
769,03/09/2023,10:15,24,Bus_G654,D006,39,98,16.25,18.33,Moderate,Rainy,34
770,24/01/2023,18:30,6,Bus_D321,D002,45,35,25.17,6.74,Low,Clear,
771,26/12/2024,20:17,65,Bus_C789,D009,9,89,39.82,9.93,Moderate,Clear,
772,23/06/2024,12:21,19,Bus_D321,D010,21,58,31.86,8.14,Low,Clear,32
773,20/12/2024,21:52,66,Bus_D321,D002,51,47,1.18,,Heavy,Rainy,12
774,23/08/2024,7:29,5,Bus_I987,D010,25,91,21.78,25.6,Low,Clear,36
775,08/04/2023,7:03,82,Bus_A123,D005,57,48,8.75,18.27,Moderate,Clear,9
776,23/09/2024,20:11,15,Bus_J654,D009,11,93,8.96,26.71,Heavy,Rainy,27
777,22/07/2023,8:35,40,Bus_A123,D004,9,56,38.38,9.95,Moderate,Clear,54
778,22/05/2024,20:16,7,Bus_B456,D001,60,62,1.91,19.53,Heavy,Foggy,47
779,18/04/2024,19:36,79,Bus_J654,D008,44,85,42.06,5.96,Moderate,Clear,31
780,30/12/2023,15:27,64,Bus_F987,D010,22,36,34.45,17.04,Heavy,Snowy,24
781,16/05/2023,19:53,94,Bus_J654,D005,10,101,35.26,11.28,Heavy,Rainy,47
782,10/04/2024,5:56,72,Bus_F987,D004,0,25,6.01,,Heavy,Snowy,28
783,13/11/2023,21:44,10,Bus_F987,D004,2,,4.46,25.05,,Foggy,55
784,14/11/2023,9:58,58,Bus_B456,D003,2,34,5.4,19.01,Low,Clear,31
785,17/05/2024,15:54,62,Bus_D321,D002,72,116,7.28,9.06,Heavy,Rainy,57
786,13/09/2024,19:58,78,Bus_F987,D006,54,112,7.55,23.91,Moderate,Clear,21
787,25/07/2023,11:19,60,Bus_A123,D008,65,61,15.62,6.17,Heavy,Foggy,
788,28/06/2023,5:30,49,Bus_B456,D008,53,81,30.76,24.33,Moderate,Rainy,59
789,15/03/2023,10:13,6,Bus_G654,D007,77,109,7.37,11.2,,Foggy,60
790,04/06/2024,22:50,77,Bus_I987,D005,46,94,45.43,,Heavy,Foggy,
791,11/02/2024,17:36,75,Bus_C789,D002,28,22,2.2,18.66,Moderate,Rainy,35
792,01/09/2023,11:54,36,Bus_A123,D006,61,81,42.45,5.97,Moderate,Clear,4
793,09/11/2024,5:18,30,Bus_A123,D001,29,25,25.62,26.65,Heavy,Snowy,15
794,12/07/2024,18:31,84,Bus_I987,D005,42,90,17.3,7.98,Heavy,Snowy,47
795,11/04/2024,21:34,17,Bus_D321,D009,62,33,42.4,29.31,Low,Clear,18
796,15/03/2023,15:25,33,Bus_G654,D005,50,96,39.66,14.12,Low,Clear,25
797,05/03/2024,7:47,83,Bus_G654,D010,28,57,2.57,21.79,Moderate,Clear,19
798,31/12/2023,18:18,68,Bus_H321,D003,63,26,37.09,7.55,,Snowy,
799,13/06/2023,15:43,86,Bus_G654,D002,23,60,42.01,29.51,Heavy,Snowy,24
800,11/09/2023,22:25,13,Bus_E654,D009,14,23,26.94,20.75,Heavy,Snowy,54
801,18/02/2023,9:11,75,Bus_B456,D006,54,39,30.15,22.15,Heavy,Snowy,44
802,03/10/2023,12:30,23,Bus_H321,D002,75,41,33.92,22.88,Moderate,Rainy,
803,04/12/2023,12:25,32,Bus_H321,D004,12,93,9.26,,Heavy,Rainy,29
804,20/05/2023,5:31,98,Bus_C789,D004,42,73,44.89,,Low,Clear,
805,01/12/2024,10:10,68,Bus_I987,D001,24,43,13.08,25.73,Moderate,Clear,
806,03/09/2023,19:16,61,Bus_A123,D002,21,36,39.94,13.98,Low,Clear,32
807,10/08/2023,15:05,87,Bus_C789,D008,40,31,41.7,17.97,,Snowy,24
808,19/06/2023,20:23,72,Bus_D321,D002,59,27,38.53,14.81,,Clear,
809,20/05/2023,8:48,68,Bus_A123,D008,4,69,40.48,,Low,Clear,36
810,21/03/2024,22:00,44,Bus_I987,D005,66,29,15.33,10.69,Moderate,Rainy,54
811,08/06/2024,22:56,58,Bus_I987,D002,42,77,39.33,18.49,Moderate,Rainy,52
812,23/06/2024,12:32,70,Bus_G654,D004,17,93,12.31,20.79,Moderate,Clear,
813,08/04/2023,15:53,47,Bus_G654,D002,54,28,30.99,,Low,Clear,37
814,17/09/2023,12:50,54,Bus_A123,D004,70,93,29.67,19.74,Low,Clear,
815,01/03/2024,20:09,93,Bus_F987,D008,41,67,35.26,6.83,Moderate,Clear,22
816,06/09/2024,14:14,73,Bus_H321,D007,61,33,35.76,26.45,Moderate,Rainy,24
817,13/06/2024,19:57,49,Bus_D321,D008,37,100,35.23,10.6,Moderate,Clear,
818,23/06/2024,20:28,4,Bus_E654,D008,15,115,4.74,26.73,Low,Clear,18
819,02/06/2024,13:14,56,Bus_I987,D003,78,89,46.91,,Moderate,Clear,
820,04/02/2023,12:19,95,Bus_I987,D002,72,82,46.04,27.55,Heavy,Foggy,55
821,12/07/2023,15:34,78,Bus_E654,D006,5,103,19.55,27.72,Low,Clear,32
822,18/12/2023,12:05,10,Bus_J654,D007,25,109,16.44,13.42,Low,Clear,
823,06/05/2023,14:19,76,Bus_H321,D008,49,55,46.45,9.17,Heavy,Foggy,39
824,05/01/2024,13:16,45,Bus_G654,D001,27,28,39.41,11.12,Moderate,Rainy,45
825,22/09/2024,13:04,48,Bus_B456,D006,51,77,8.55,10.69,Heavy,Rainy,58
826,29/08/2024,20:58,80,Bus_J654,D007,69,100,33.41,8.2,Low,Clear,19
827,06/09/2024,19:09,15,Bus_H321,D003,13,104,2.28,5.29,Moderate,Clear,34
828,28/09/2024,5:40,79,Bus_B456,D005,78,86,2.32,26.81,Moderate,Rainy,22
829,07/02/2023,13:40,42,Bus_D321,D003,47,84,43.31,21.91,,Foggy,43
830,06/01/2024,11:58,1,Bus_E654,D007,23,33,13.83,12.7,Low,Clear,
831,29/11/2023,8:45,13,Bus_H321,D003,43,75,34.06,16.56,Moderate,Clear,24
832,02/02/2024,15:16,86,Bus_I987,D006,61,107,28.49,20.28,Moderate,Rainy,
833,25/09/2023,19:13,52,Bus_E654,D007,25,65,34.15,25.34,Heavy,Foggy,
834,16/10/2023,12:18,71,Bus_B456,D004,17,58,19.38,13.31,Low,Clear,8
835,07/02/2024,22:30,34,Bus_A123,D010,53,38,29.45,26.85,Heavy,Rainy,9
836,02/02/2023,14:51,28,Bus_F987,D001,63,54,14.2,19.68,Low,Clear,
837,17/04/2023,19:00,78,Bus_E654,D007,76,69,29.29,28.05,Heavy,Foggy,20
838,27/11/2023,18:36,29,Bus_F987,D002,10,81,13.4,17.25,Heavy,Snowy,
839,12/05/2023,10:52,44,Bus_F987,D003,70,99,39.54,,Moderate,Rainy,12
840,03/05/2023,8:49,35,Bus_J654,D004,32,74,8.25,22.08,Heavy,Foggy,41
841,26/08/2024,14:30,3,Bus_D321,D006,4,117,37.27,22.4,,Snowy,58
842,29/07/2023,6:15,72,Bus_H321,D006,38,73,34.74,20.46,Low,Clear,56
843,16/06/2024,16:57,62,Bus_G654,D003,19,84,23.15,22.7,Moderate,Rainy,3
844,04/07/2024,9:50,4,Bus_B456,D005,40,56,1.02,13.61,Low,Clear,39
845,05/11/2023,9:07,88,Bus_G654,D006,78,64,6.19,11.07,Low,Clear,9
846,27/01/2023,5:53,77,Bus_D321,D002,14,26,3.29,14.34,Low,Clear,27
847,08/04/2023,22:11,28,Bus_F987,D003,28,78,15.69,6.84,,Snowy,
848,25/03/2024,17:42,85,Bus_J654,D004,42,56,42.04,24.72,Heavy,Snowy,
849,29/01/2024,11:41,14,Bus_A123,D010,63,113,39.72,9.36,Heavy,Rainy,6
850,17/06/2023,11:17,40,Bus_E654,D002,48,98,36.32,5.05,Moderate,Rainy,48
851,10/09/2023,7:12,63,Bus_D321,D004,79,60,9.69,24.98,Moderate,Clear,
852,21/03/2023,18:15,13,Bus_A123,D004,10,71,45.63,6.41,Moderate,Rainy,
853,12/04/2024,6:03,31,Bus_B456,D010,30,118,41.61,24.62,Heavy,Snowy,60
854,09/06/2023,13:26,17,Bus_A123,D005,41,24,37.22,14.8,,Foggy,43
855,10/06/2023,6:04,4,Bus_B456,D008,13,116,13.91,18.82,Low,Clear,53
856,30/12/2024,13:00,70,Bus_I987,D001,67,97,1.6,20.51,Moderate,Rainy,9
857,19/02/2023,17:00,45,Bus_H321,D007,10,47,20.02,28.01,Moderate,Clear,54
858,23/03/2023,10:07,97,Bus_J654,D003,57,91,1.83,10.32,Moderate,Clear,52
859,24/12/2024,21:25,64,Bus_D321,D006,26,70,45.32,24.3,Moderate,Clear,52
860,21/02/2023,20:29,56,Bus_F987,D002,74,119,16.67,16.11,Low,Clear,47
861,19/11/2023,21:57,19,Bus_B456,D005,54,67,30.57,14.43,Moderate,Clear,
862,17/02/2024,13:37,22,Bus_A123,D007,52,110,39.53,19.37,Low,Clear,16
863,14/01/2023,17:34,72,Bus_D321,D003,41,97,17.45,,Heavy,Foggy,
864,18/09/2023,5:35,64,Bus_G654,D008,58,115,16.47,10.41,Moderate,Clear,9
865,10/03/2024,20:23,84,Bus_A123,D003,37,66,40.78,10.53,Moderate,Rainy,23
866,02/04/2024,13:03,93,Bus_D321,D006,72,40,21.6,28.21,Low,Clear,27
867,28/05/2023,5:22,8,Bus_G654,D004,54,78,45.47,7.86,Low,Clear,24
868,06/08/2024,9:57,5,Bus_G654,D004,27,22,39.14,18.21,Moderate,Rainy,18
869,29/11/2024,9:13,40,Bus_B456,D010,51,45,6.23,7.45,,Foggy,54
870,01/08/2024,12:51,30,Bus_J654,D008,77,53,21.02,22.87,Moderate,Rainy,29
871,04/05/2023,7:33,26,Bus_F987,D002,8,65,45.92,21.1,Heavy,Rainy,36
872,15/12/2023,9:05,69,Bus_E654,D005,28,35,20.59,11.14,Low,Clear,41
873,21/08/2024,10:05,41,Bus_H321,D007,62,72,48.52,23.33,Heavy,Foggy,54
874,22/04/2024,20:04,75,Bus_G654,D003,79,84,20.77,12.73,Moderate,Clear,28
875,22/01/2024,17:16,74,Bus_D321,D006,72,32,26.24,7.66,Low,Clear,37
876,08/06/2023,21:14,82,Bus_G654,D008,60,118,17.87,12.6,Moderate,Clear,11
877,26/07/2023,13:53,7,Bus_E654,D006,35,104,19.38,16.03,Moderate,Clear,49
878,28/10/2023,8:25,60,Bus_B456,D008,21,32,40.33,21.83,Low,Clear,44
879,24/05/2024,11:15,32,Bus_J654,D005,34,67,23.22,29.73,Moderate,Clear,27
880,23/02/2024,15:46,14,Bus_B456,D005,65,94,31.31,6.27,Low,Clear,52
881,25/12/2023,19:06,72,Bus_F987,D001,55,73,9.15,5.09,Moderate,Clear,43
882,14/02/2024,15:41,45,Bus_B456,D008,6,73,48.42,23.21,Heavy,Snowy,41
883,28/08/2023,7:19,31,Bus_H321,D010,11,111,10.14,9.36,Heavy,Snowy,44
884,06/05/2023,17:19,58,Bus_I987,D002,10,48,32.79,15.59,Heavy,Snowy,
885,21/03/2024,18:48,72,Bus_B456,D009,45,83,31.11,29.43,Moderate,Rainy,38
886,23/12/2024,12:39,26,Bus_H321,D010,30,88,6.4,14.23,Moderate,Rainy,29
887,07/04/2023,11:34,41,Bus_H321,D009,9,64,5.72,5.58,Heavy,Foggy,21
888,12/08/2023,21:45,49,Bus_J654,D010,56,76,19.58,15.51,Moderate,Rainy,51
889,02/04/2023,20:29,1,Bus_A123,D010,74,49,48.12,10.44,Low,Clear,
890,18/11/2023,13:29,26,Bus_I987,D006,2,54,44.43,13.31,Moderate,Clear,
891,04/03/2023,13:39,17,Bus_F987,D010,20,55,6.41,12.98,Heavy,Foggy,25
892,09/11/2023,19:26,46,Bus_J654,D005,4,77,21.55,22.01,Heavy,Foggy,18
893,04/07/2023,21:02,63,Bus_G654,D010,9,46,28.75,8.11,Heavy,Foggy,38
894,26/08/2023,17:10,85,Bus_J654,D005,55,87,25.75,6.9,Moderate,Clear,17
895,16/12/2023,18:03,38,Bus_E654,D004,35,30,17.19,25.44,Moderate,Clear,
896,08/02/2024,16:19,41,Bus_D321,D010,35,48,42.27,19.26,Low,Clear,9
897,05/10/2023,18:42,67,Bus_G654,D004,54,90,16.9,10.11,Moderate,Clear,
898,04/02/2023,12:54,83,Bus_H321,D002,25,68,1.03,22.33,Moderate,Clear,46
899,14/11/2023,10:07,44,Bus_A123,D005,23,91,13.58,9.27,Moderate,Clear,60
900,04/08/2024,6:55,38,Bus_F987,D003,28,35,35.97,15.78,Heavy,Foggy,45
901,28/05/2023,20:55,15,Bus_C789,D005,59,46,1.1,8.95,Moderate,Clear,23
902,22/01/2023,5:03,100,Bus_D321,D001,5,41,38.73,,Low,Clear,47
903,29/11/2024,8:33,28,Bus_G654,D006,26,105,36.09,14.11,Heavy,Rainy,
904,02/10/2024,10:54,54,Bus_I987,D002,8,86,13.66,25.44,Heavy,Snowy,54
905,01/12/2023,14:33,8,Bus_H321,D008,60,103,2.79,16.59,Moderate,Clear,49
906,04/02/2023,12:52,77,Bus_I987,D008,56,53,18.89,18.91,Low,Clear,36
907,02/01/2024,17:04,93,Bus_G654,D006,25,25,31.21,14.26,Moderate,Rainy,37
908,15/09/2023,17:57,83,Bus_D321,D009,10,65,34.87,15.89,Moderate,Clear,30
909,02/08/2024,10:12,53,Bus_I987,D007,69,115,44.84,12.81,Heavy,Foggy,35
910,05/12/2024,6:08,32,Bus_E654,D003,12,81,7.58,29.56,Moderate,Clear,
911,08/04/2024,13:38,39,Bus_A123,D010,50,83,31.37,17.43,Moderate,Clear,14
912,05/10/2024,12:11,77,Bus_B456,D005,73,80,42.82,15.49,,Foggy,12
913,04/01/2024,8:50,58,Bus_C789,D001,30,116,6.38,25.51,Moderate,Clear,37
914,08/04/2023,7:48,31,Bus_D321,D005,5,24,26.01,20.66,Heavy,Rainy,54
915,21/02/2024,22:48,81,Bus_H321,D003,69,102,23.6,6.5,Low,Clear,11
916,13/04/2024,20:11,50,Bus_D321,D006,52,74,36.91,21.52,Low,Clear,50
917,11/05/2024,12:37,35,Bus_D321,D001,28,117,4.05,13.07,Low,Clear,2
918,14/04/2023,7:59,39,Bus_H321,D001,48,44,36.99,23.32,Moderate,Rainy,
919,22/04/2023,13:27,46,Bus_C789,D005,36,108,47.64,19.77,Low,Clear,40
920,21/04/2024,17:24,61,Bus_A123,D003,30,85,23.65,14.91,Heavy,Foggy,
921,14/11/2024,21:42,17,Bus_H321,D010,20,29,3.71,25.72,Moderate,Clear,25
922,21/04/2024,12:29,94,Bus_A123,D010,56,108,27.0,16.56,Moderate,Rainy,
923,29/03/2024,14:43,73,Bus_G654,D001,32,61,39.25,29.11,Moderate,Rainy,26
924,30/09/2023,19:39,91,Bus_E654,D004,13,104,2.4,23.3,Heavy,Snowy,31
925,16/09/2024,10:55,31,Bus_I987,D010,48,92,45.84,11.11,Low,Clear,36
926,14/09/2023,21:39,33,Bus_C789,D007,71,51,45.91,13.65,Moderate,Rainy,60
927,23/06/2023,17:05,98,Bus_A123,D009,57,92,22.75,25.15,Heavy,Snowy,4
928,22/02/2024,11:49,86,Bus_C789,D006,70,90,25.39,5.5,Heavy,Snowy,15
929,15/02/2024,5:44,44,Bus_H321,D007,39,72,45.44,10.68,Moderate,Rainy,29
930,15/09/2024,11:39,81,Bus_A123,D008,75,27,11.01,29.07,,Snowy,
931,17/07/2024,15:42,43,Bus_J654,D008,13,58,38.39,11.26,,Foggy,
932,10/11/2024,9:24,25,Bus_D321,D008,74,28,3.91,11.99,Low,Clear,11
933,08/08/2023,19:17,85,Bus_A123,D009,3,,20.78,25.63,Heavy,Snowy,42
934,20/06/2023,21:03,6,Bus_E654,D007,67,24,17.53,29.86,Low,Clear,15
935,07/06/2023,8:53,15,Bus_H321,D001,29,,46.38,,Low,Clear,
936,21/08/2023,13:03,44,Bus_H321,D004,22,74,12.58,25.36,,Rainy,16
937,23/03/2024,10:58,2,Bus_F987,D001,46,67,29.15,21.35,Moderate,Rainy,54
938,26/11/2023,6:49,72,Bus_A123,D005,21,41,9.0,9.29,Low,Clear,11
939,20/02/2023,10:08,6,Bus_B456,D002,63,107,3.48,14.65,,Clear,5
940,20/03/2024,15:47,11,Bus_D321,D007,14,30,30.72,25.78,Moderate,Rainy,49
941,08/08/2024,15:03,34,Bus_D321,D009,37,70,25.99,13.1,Low,Clear,51
942,26/04/2024,9:33,51,Bus_D321,D004,34,29,3.55,18.24,Heavy,Snowy,24
943,16/07/2023,17:56,15,Bus_C789,D006,40,99,22.75,10.63,Heavy,Rainy,1
944,18/01/2024,22:46,29,Bus_G654,D001,25,76,1.76,18.12,Low,Clear,50
945,05/11/2023,21:07,35,Bus_E654,D002,15,96,44.54,21.0,Moderate,Clear,54
946,29/09/2023,16:38,79,Bus_F987,D003,65,65,48.93,23.52,Heavy,Snowy,21
947,15/01/2024,22:26,7,Bus_C789,D009,61,112,8.47,23.18,Low,Clear,10
948,11/01/2023,8:00,25,Bus_A123,D008,70,37,37.16,21.23,Heavy,Rainy,30
949,19/07/2023,21:48,1,Bus_J654,D005,52,88,18.94,16.04,Heavy,Foggy,21
950,04/04/2023,14:14,44,Bus_J654,D003,12,44,49.24,26.78,Heavy,Snowy,28
951,09/05/2024,22:47,62,Bus_A123,D001,28,55,2.91,15.56,Moderate,Rainy,57
952,29/07/2023,15:41,50,Bus_H321,D009,55,99,33.74,21.52,Moderate,Clear,46
953,09/06/2024,10:59,59,Bus_J654,D006,1,71,4.36,10.64,Low,Clear,7
954,27/06/2023,12:23,43,Bus_D321,D004,52,62,22.5,19.16,Heavy,Foggy,42
955,07/05/2023,17:13,59,Bus_J654,D004,14,89,34.83,23.03,Low,Clear,31
956,02/07/2024,14:26,28,Bus_I987,D008,31,43,4.81,8.73,Low,Clear,29
957,28/06/2023,21:31,65,Bus_D321,D005,3,72,38.84,25.6,Moderate,Rainy,2
958,10/05/2023,21:10,28,Bus_A123,D006,13,120,4.42,23.34,Heavy,Snowy,51
959,06/12/2023,10:00,93,Bus_B456,D008,33,61,46.77,25.85,Heavy,Rainy,2
960,14/04/2024,7:19,80,Bus_A123,D008,49,86,47.35,,Heavy,Rainy,24
961,31/08/2023,17:34,27,Bus_F987,D006,40,83,28.63,7.62,Heavy,Snowy,22
962,20/03/2024,14:18,57,Bus_I987,D006,69,111,12.16,10.65,,Clear,48
963,08/02/2023,7:46,16,Bus_J654,D001,45,,29.99,7.62,Heavy,Snowy,
964,29/08/2024,16:17,53,Bus_G654,D007,30,33,45.95,24.57,,Snowy,52
965,13/12/2024,8:08,54,Bus_I987,D009,67,86,17.8,6.37,Moderate,Clear,54
966,02/10/2024,21:25,84,Bus_J654,D002,2,104,42.36,13.73,Moderate,Clear,51
967,01/11/2024,8:09,16,Bus_H321,D007,63,39,23.89,5.0,Heavy,Snowy,54
968,05/06/2023,13:29,68,Bus_J654,D008,38,113,30.18,6.3,Low,Clear,24
969,16/11/2023,8:24,94,Bus_F987,D003,24,82,11.81,24.26,Heavy,Foggy,42
970,31/05/2023,5:14,83,Bus_A123,D007,14,82,2.08,6.92,Low,Clear,11
971,21/01/2023,16:18,54,Bus_C789,D008,23,107,1.52,27.99,,Snowy,58
972,15/11/2023,22:33,8,Bus_D321,D008,4,36,2.94,21.07,Low,Clear,51
973,13/04/2023,20:29,7,Bus_J654,D005,31,,7.08,5.7,Low,Clear,15
974,02/04/2023,15:47,33,Bus_C789,D002,52,59,2.08,15.0,Low,Clear,7
975,19/10/2024,19:01,92,Bus_E654,D003,18,90,48.24,7.6,Low,Clear,40
976,15/12/2023,15:00,77,Bus_I987,D005,48,105,4.42,15.26,Heavy,Snowy,54
977,31/01/2023,6:19,3,Bus_B456,D009,79,111,6.7,26.53,Low,Clear,37
978,23/01/2023,18:33,64,Bus_F987,D002,52,83,24.51,8.97,Heavy,Foggy,57
979,04/03/2023,11:56,22,Bus_B456,D010,69,94,27.28,21.41,Heavy,Snowy,17
980,09/01/2023,8:27,77,Bus_B456,D004,37,103,39.35,27.36,Heavy,Foggy,38
981,13/09/2024,10:19,52,Bus_B456,D007,30,118,17.06,,Low,Clear,
982,26/08/2023,18:14,83,Bus_H321,D006,76,46,2.91,7.42,Heavy,Snowy,47
983,16/07/2023,19:40,46,Bus_C789,D002,50,24,9.76,6.43,Moderate,Clear,41
984,06/05/2024,7:48,51,Bus_B456,D005,12,114,20.24,9.91,Heavy,Foggy,47
985,05/07/2023,9:20,59,Bus_A123,D003,19,28,18.88,23.45,Heavy,Rainy,36
986,29/12/2023,21:46,34,Bus_E654,D005,51,105,47.31,19.23,Low,Clear,
987,10/10/2024,19:58,5,Bus_D321,D006,2,100,41.37,23.57,Moderate,Rainy,57
988,26/06/2023,22:59,44,Bus_A123,D003,78,75,46.98,8.32,,Snowy,1
989,06/09/2023,16:10,31,Bus_A123,D008,31,114,22.77,13.38,Heavy,Snowy,24
990,27/11/2024,10:57,1,Bus_I987,D003,48,39,13.2,5.68,Low,Clear,57
991,02/01/2024,16:49,81,Bus_I987,D003,67,107,12.13,26.62,Low,Clear,
992,19/03/2024,15:44,16,Bus_H321,D006,3,76,6.4,8.41,Heavy,Snowy,42
993,28/08/2023,19:29,7,Bus_I987,D010,52,71,37.0,27.94,Low,Clear,
994,16/03/2024,17:43,81,Bus_B456,D005,59,21,48.59,17.54,Heavy,Foggy,36
995,07/10/2023,16:46,47,Bus_B456,D004,23,74,29.8,25.54,,Snowy,41
996,26/04/2024,20:30,24,Bus_B456,D010,32,35,15.33,17.99,Heavy,Rainy,53
997,17/10/2023,12:40,10,Bus_H321,D008,72,63,40.35,5.02,Moderate,Rainy,58
998,21/10/2023,10:41,49,Bus_D321,D004,79,84,36.49,,,Foggy,0
999,22/12/2023,14:47,95,Bus_J654,D006,42,61,32.11,12.31,,Rainy,
1000,24/06/2024,8:25,64,Bus_I987,D003,18,47,35.04,10.95,Heavy,Snowy,52
